{
  "feature_names": [
    "Fuel_consumption",
    "Accelerator_Pedal_value",
    "Intake_air_pressure",
    "Absolute_throttle_position",
    "Engine_speed",
    "Torque_of_friction",
    "Flywheel_torque_(after_torque_interventions)",
    "Engine_Idel_Target_Speed",
    "Engine_torque",
    "Calculated_LOAD_value",
    "Minimum_indicated_engine_torque",
    "Maximum_indicated_engine_torque",
    "Flywheel_torque",
    "Torque_converter_speed",
    "Current_Gear",
    "Wheel_velocity_front_left-hand",
    "Wheel_velocity_rear_right-hand",
    "Wheel_velocity_front_right-hand",
    "Wheel_velocity_rear_left-hand",
    "Torque_converter_turbine_speed_-_Unfiltered",
    "Clutch_operation_acknowledge",
    "Converter_clutch",
    "Vehicle_speed",
    "Acceleration_speed_-_Longitudinal",
    "Indication_of_brake_switch_ON/OFF",
    "Master_cylinder_pressure",
    "Calculated_road_gradient",
    "Acceleration_speed_-_Lateral",
    "Steering_wheel_speed",
    "Steering_wheel_angle"
  ],
  "mean_alpha": [
    0.01876053400337696,
    0.7795343995094299,
    0.019345127046108246,
    0.030065909028053284,
    0.01305389404296875,
    0.011992024257779121,
    0.0442788265645504,
    0.012542609125375748,
    0.020327437669038773,
    0.021631978452205658,
    0.16673940420150757,
    0.013107364065945148,
    0.04434540122747421,
    0.012947405688464642,
    0.023858359083533287,
    0.011173039674758911,
    0.011135032400488853,
    0.011270904913544655,
    0.011233065277338028,
    0.012728498317301273,
    0.6828060746192932,
    0.04132481664419174,
    0.011368094943463802,
    0.01824062503874302,
    0.0652022659778595,
    0.6401650905609131,
    0.2230129837989807,
    0.047916606068611145,
    0.9305976629257202,
    0.21737392246723175
  ],
  "alpha_p10": [
    0.014146130532026291,
    0.3453710079193115,
    0.003357312874868512,
    0.013413207605481148,
    0.009458823129534721,
    0.009023603051900864,
    0.007499399594962597,
    0.011168825440108776,
    0.00592653825879097,
    0.005958030000329018,
    0.00010045080853160471,
    0.011754127219319344,
    0.0064207823015749454,
    0.008929957635700703,
    0.004381954669952393,
    0.009253098629415035,
    0.008707660250365734,
    0.009016420692205429,
    0.008983355946838856,
    0.009803473949432373,
    0.027226055040955544,
    0.002357341581955552,
    0.008684996515512466,
    0.017017995938658714,
    0.008381771855056286,
    0.04573916271328926,
    0.0022978675551712513,
    0.002652254654094577,
    0.845201849937439,
    0.16316759586334229
  ],
  "alpha_p50": [
    0.019640754908323288,
    0.9110192656517029,
    0.018644828349351883,
    0.0260978601872921,
    0.013302309438586235,
    0.012034540995955467,
    0.04985005408525467,
    0.012162519618868828,
    0.023624740540981293,
    0.02155488356947899,
    0.0767860859632492,
    0.013142881914973259,
    0.04989580810070038,
    0.0125324297696352,
    0.011360254138708115,
    0.011408853344619274,
    0.011503329500555992,
    0.011673122644424438,
    0.011482495814561844,
    0.01252751611173153,
    0.996939480304718,
    0.05167291313409805,
    0.011852818541228771,
    0.01839010789990425,
    0.05042203515768051,
    0.9441311359405518,
    0.03065439499914646,
    0.033766668289899826,
    0.9815909266471863,
    0.20511077344417572
  ],
  "alpha_p90": [
    0.022629890590906143,
    0.999962329864502,
    0.0376860648393631,
    0.053839221596717834,
    0.01575964130461216,
    0.014594269916415215,
    0.07664311677217484,
    0.014517643488943577,
    0.032071974128484726,
    0.038137827068567276,
    0.5977197289466858,
    0.014443586580455303,
    0.07837330549955368,
    0.01742616482079029,
    0.03775326535105705,
    0.012410611845552921,
    0.012531801126897335,
    0.012437675148248672,
    0.012661615386605263,
    0.01602698303759098,
    0.9997133612632751,
    0.08014488220214844,
    0.012712032534182072,
    0.019279340282082558,
    0.14627312123775482,
    0.9989798665046692,
    0.9491225481033325,
    0.11257924139499664,
    0.9943317770957947,
    0.28502535820007324
  ],
  "mean_forecast_nll": [
    -0.2327994853258133,
    -0.441293329000473,
    0.29508137702941895,
    -0.27831923961639404,
    -0.7592430114746094,
    -0.302689790725708,
    0.6463205218315125,
    -1.2631016969680786,
    0.02798624336719513,
    0.1992066204547882,
    -0.41877293586730957,
    -0.7335270047187805,
    0.6363183856010437,
    -0.851950466632843,
    -0.7257107496261597,
    -1.9998159408569336,
    -2.242133140563965,
    -2.217012882232666,
    -2.1346120834350586,
    -0.8439834713935852,
    -0.6074075102806091,
    -0.45278775691986084,
    -2.0976223945617676,
    0.7995983958244324,
    1.425573468208313,
    -0.2456098347902298,
    0.4429491460323334,
    1.9922566413879395,
    -0.16281400620937347,
    -0.44825759530067444
  ],
  "mean_marginal_surprise": [
    1.028935194015503,
    -2.2917096614837646,
    1.4976511001586914,
    0.3809352517127991,
    1.3277920484542847,
    1.1656081676483154,
    1.3866581916809082,
    1.1250799894332886,
    1.4384411573410034,
    1.497064471244812,
    0.720431387424469,
    0.9474812150001526,
    1.3745770454406738,
    1.3648663759231567,
    1.153083086013794,
    1.4271601438522339,
    1.4210315942764282,
    1.3213577270507812,
    1.3521572351455688,
    1.3125717639923096,
    -2.2479848861694336,
    1.48765230178833,
    1.4402191638946533,
    1.3812963962554932,
    1.4530210494995117,
    -0.6223839521408081,
    0.6303655505180359,
    1.2566838264465332,
    -0.6241841316223145,
    -0.3270908296108246
  ],
  "mean_combined_score": [
    -0.3183625340461731,
    -2.3267223834991455,
    0.2798210084438324,
    -0.3338890075683594,
    -0.8700717091560364,
    -0.3461972773075104,
    0.5060867071151733,
    -1.2637603282928467,
    -0.055326204746961594,
    0.15589259564876556,
    -0.5023266077041626,
    -0.7566064596176147,
    0.5053405165672302,
    -0.9370784759521484,
    -1.0995128154754639,
    -2.0326452255249023,
    -2.2621703147888184,
    -2.2419393062591553,
    -2.1519696712493896,
    -0.9240441918373108,
    -2.4472734928131104,
    -0.6609894037246704,
    -2.130570888519287,
    0.4788018763065338,
    0.34729820489883423,
    -0.9582386612892151,
    -0.1877666711807251,
    0.547187089920044,
    -0.8659860491752625,
    -0.5783051252365112
  ]
}