model,quantile,threshold,fpr_val,fpr_test,n_val,n_test
gated,0.99,4.409096717834473,0.010023279875840662,0.,15464,16164
gated,0.999,4.6091108322143555,0.0010346611484738748,0.002103439742637961,15464,16164
gaussian,0.99,10.91004467010498,0.010023279875840662,0.01422915120019797,15464,16164
gaussian,0.999,14.188008308410645,0.0010346611484738748,0.003650086612224697,15464,16164
mse,0.99,2.65701961517334,0.010023279875840662,0.024065825290769612,15464,16164
mse,0.999,3.3797903060913086,0.0010346611484738748,0.007114575600098985,15464,16164
