{
  "quantiles": [
    0.99,
    0.999
  ],
  "n_val": 15464,
  "n_test": 16164,
  "models": {
    "gated": {
      "thresholds": [
        4.409096717834473,
        4.6091108322143555
      ],
      "fpr_val": [
        0.010023279875840662,
        0.0010346611484738748
      ],
      "fpr_test": [
        0.012001979707993072,
        0.002103439742637961
      ]
    },
    "gaussian": {
      "thresholds": [
        10.91004467010498,
        14.188008308410645
      ],
      "fpr_val": [
        0.010023279875840662,
        0.0010346611484738748
      ],
      "fpr_test": [
        0.01422915120019797,
        0.003650086612224697
      ]
    },
    "mse": {
      "thresholds": [
        2.65701961517334,
        3.3797903060913086
      ],
      "fpr_val": [
        0.010023279875840662,
        0.0010346611484738748
      ],
      "fpr_test": [
        0.024065825290769612,
        0.007114575600098985
      ]
    }
  }
}