{
  "feature_names": [
    "Engine Coolant Temperature [\u00b0C]",
    "Intake Manifold Absolute Pressure [kPa]",
    "Engine RPM [RPM]",
    "Vehicle Speed Sensor [km/h]",
    "Intake Air Temperature [\u00b0C]",
    "Air Flow Rate from Mass Flow Sensor [g/s]",
    "Absolute Throttle Position [%]",
    "Ambient Air Temperature [\u00b0C]",
    "Accelerator Pedal Position D [%]",
    "Accelerator Pedal Position E [%]"
  ],
  "mean_alpha": [
    0.004538564942777157,
    0.003542781574651599,
    0.0053667412139475346,
    0.0029509696178138256,
    0.003451284719631076,
    0.0713585689663887,
    0.014492782764136791,
    0.004841313231736422,
    0.0046997228637337685,
    0.004944786429405212
  ],
  "alpha_p10": [
    0.0035190305206924677,
    0.0021498817950487137,
    0.002023140899837017,
    0.002423528814688325,
    0.0028809322975575924,
    0.04515856131911278,
    0.0040098801255226135,
    0.004664323292672634,
    0.0018380701076239347,
    0.002954681171104312
  ],
  "alpha_p50": [
    0.00479411706328392,
    0.0027707067783921957,
    0.002923830645158887,
    0.0029149313922971487,
    0.003134035039693117,
    0.05804500728845596,
    0.005026121623814106,
    0.00479330588132143,
    0.003886138554662466,
    0.004303051624447107
  ],
  "alpha_p90": [
    0.005171072669327259,
    0.006070220377296209,
    0.0082375667989254,
    0.00338335451669991,
    0.004616687074303627,
    0.11438638716936111,
    0.017408885061740875,
    0.005141861271113157,
    0.008630341850221157,
    0.007538769394159317
  ],
  "mean_forecast_nll": [
    -2.948763370513916,
    -3.0069360733032227,
    -2.996138334274292,
    -3.2808008193969727,
    -3.0617218017578125,
    -2.6980700492858887,
    -3.5430047512054443,
    -3.5829532146453857,
    -3.9413177967071533,
    -4.064804553985596
  ],
  "mean_marginal_surprise": [
    1.4358258247375488,
    0.7891131043434143,
    1.445345163345337,
    1.18423593044281,
    1.4306640625,
    1.0792070627212524,
    -1.7063349485397339,
    0.5465987920761108,
    1.229280948638916,
    -1.1764215230941772
  ],
  "mean_combined_score": [
    -2.967534065246582,
    -3.028477668762207,
    -3.0243444442749023,
    -3.2788045406341553,
    -3.062950372695923,
    -2.875218391418457,
    -5.585516452789307,
    -3.616328239440918,
    -3.969003677368164,
    -4.08503532409668
  ]
}