{
  "quantiles": [
    0.95,
    0.99,
    0.999
  ],
  "n_val": 537664,
  "n_test": 538247,
  "models": {
    "gated": {
      "thresholds": [
        -2.3714122772216797,
        -1.6047965288162231,
        -0.723463773727417
      ],
      "fpr_val": [
        0.050001487918104985,
        0.010000669563147244,
        0.0010006249256040948
      ],
      "fpr_test": [
        0.05576436097182149,
        0.012219297088511409,
        0.0008601998710629135
      ]
    },
    "gaussian": {
      "thresholds": [
        -2.2790985107421875,
        -1.0963070392608643,
        7.6112895011901855
      ],
      "fpr_val": [
        0.050001487918104985,
        0.010000669563147244,
        0.0010006249256040948
      ],
      "fpr_test": [
        0.05672674441288107,
        0.010097594598762279,
        0.0011017246728732349
      ]
    },
    "mse": {
      "thresholds": [
        0.00531338807195425,
        0.047981470823287964,
        0.43607857823371887
      ],
      "fpr_val": [
        0.050001487918104985,
        0.010000669563147244,
        0.0010006249256040948
      ],
      "fpr_test": [
        0.05741230327340422,
        0.010391140127116361,
        0.001075714309601354
      ]
    }
  }
}