model,quantile,threshold,fpr_val,fpr_test,n_val,n_test
gated,0.95,-2.3714122772216797,0.050001487918104985,0.05576436097182149,537664,538247
gated,0.99,-1.6047965288162231,0.010000669563147244,0.012219297088511409,537664,538247
gated,0.999,-0.723463773727417,0.0010006249256040948,0.0008601998710629135,537664,538247
gaussian,0.95,-2.2790985107421875,0.050001487918104985,0.05672674441288107,537664,538247
gaussian,0.99,-1.0963070392608643,0.010000669563147244,0.010097594598762279,537664,538247
gaussian,0.999,7.6112895011901855,0.0010006249256040948,0.0011017246728732349,537664,538247
mse,0.95,0.00531338807195425,0.050001487918104985,0.05741230327340422,537664,538247
mse,0.99,0.047981470823287964,0.010000669563147244,0.010391140127116361,537664,538247
mse,0.999,0.43607857823371887,0.0010006249256040948,0.001075714309601354,537664,538247
