{
  "feature_names": [
    "fuel_usage",
    "accelerator_position",
    "throttle_position",
    "inhale_pressure",
    "throttle_position_abs",
    "engine_speed",
    "engine_torque_revised",
    "friction_torque",
    "current_fire_timing",
    "cooling_temperature",
    "engine_idle_slippage",
    "engine_torque",
    "calculation_overhead",
    "engine_torque_min",
    "torque_converter_speed",
    "wheel_velo_frontleft",
    "wheel_velo_backright",
    "wheel_velo_frontright",
    "wheel_velo_backleft",
    "torque_converter_turbin_speed",
    "converter_clutch",
    "car_speed",
    "brake_switch",
    "steering_wheel_acceleration",
    "steering_wheel_angle"
  ],
  "mean_alpha": [
    0.2266765981912613,
    0.44904160499572754,
    0.3295767903327942,
    0.35082146525382996,
    0.31445929408073425,
    0.12549825012683868,
    0.17563554644584656,
    0.1372937262058258,
    0.17167434096336365,
    0.2722640335559845,
    0.12426142394542694,
    0.16789400577545166,
    0.1472654789686203,
    0.18360167741775513,
    0.1323229819536209,
    0.12381311506032944,
    0.12457107752561569,
    0.1238260343670845,
    0.12465701252222061,
    0.13276474177837372,
    0.46291229128837585,
    0.12483197450637817,
    0.24848228693008423,
    0.8121473789215088,
    0.7314555644989014
  ],
  "alpha_p10": [
    0.12255211174488068,
    0.19987359642982483,
    0.1158803328871727,
    0.2517763674259186,
    0.12828348577022552,
    0.10545899718999863,
    0.06991281360387802,
    0.11524270474910736,
    0.07186666131019592,
    0.1142503097653389,
    0.1028847023844719,
    0.07110321521759033,
    0.06706365197896957,
    0.053427424281835556,
    0.08035452663898468,
    0.11714182049036026,
    0.10662490874528885,
    0.11954455822706223,
    0.10145997256040573,
    0.07986736297607422,
    0.09818875789642334,
    0.12423418462276459,
    0.06340507417917252,
    0.653819739818573,
    0.6656243205070496
  ],
  "alpha_p50": [
    0.22380590438842773,
    0.4632435441017151,
    0.32786959409713745,
    0.3428712487220764,
    0.2911831736564636,
    0.12865278124809265,
    0.17450688779354095,
    0.1448526531457901,
    0.18492385745048523,
    0.3224354088306427,
    0.12911371886730194,
    0.16592450439929962,
    0.14761605858802795,
    0.18567076325416565,
    0.13139641284942627,
    0.12016400694847107,
    0.12951210141181946,
    0.12521909177303314,
    0.13222645223140717,
    0.13375309109687805,
    0.31823599338531494,
    0.12502051889896393,
    0.2358519434928894,
    0.8545870780944824,
    0.734548807144165
  ],
  "alpha_p90": [
    0.3488781452178955,
    0.6953574419021606,
    0.568821907043457,
    0.4543774127960205,
    0.5477767586708069,
    0.1435747593641281,
    0.2939871549606323,
    0.15110649168491364,
    0.2604597210884094,
    0.3610019087791443,
    0.13944759964942932,
    0.27631035447120667,
    0.2326279729604721,
    0.32025644183158875,
    0.18206338584423065,
    0.13553158938884735,
    0.13592374324798584,
    0.1263006627559662,
    0.1381344050168991,
    0.18033024668693542,
    0.9628041982650757,
    0.12515929341316223,
    0.4727669060230255,
    0.9275800585746765,
    0.7787410616874695
  ],
  "mean_forecast_nll": [
    0.3807874023914337,
    4.5568342208862305,
    0.1498897671699524,
    0.9959531426429749,
    11.356657981872559,
    0.20196397602558136,
    1.5311293601989746,
    7.313136577606201,
    1.085231900215149,
    1.5494860410690308,
    6.770161151885986,
    1.7557488679885864,
    0.5965752005577087,
    1.569563627243042,
    0.1549866795539856,
    -0.7795748710632324,
    -1.256487250328064,
    -1.2766082286834717,
    -1.1678749322891235,
    0.023915128782391548,
    -1.448400855064392,
    2.441436767578125,
    1.8119860887527466,
    0.47988566756248474,
    0.46945077180862427
  ],
  "mean_marginal_surprise": [
    1.1168053150177002,
    0.4212581515312195,
    -0.04316268861293793,
    1.2261408567428589,
    4.085076332092285,
    0.9570658802986145,
    1.4726084470748901,
    3.0902743339538574,
    1.4828487634658813,
    1.2149970531463623,
    3.7200775146484375,
    1.4170957803726196,
    1.2080439329147339,
    2.145807981491089,
    1.4190051555633545,
    0.3831918239593506,
    1.2312811613082886,
    0.45537564158439636,
    1.2909740209579468,
    1.410031795501709,
    -2.0559825897216797,
    0.6173734068870544,
    2.6091713905334473,
    -0.9578549861907959,
    -0.1349014788866043
  ],
  "mean_combined_score": [
    0.29828155040740967,
    0.29465052485466003,
    -0.4154725968837738,
    1.0500304698944092,
    3.8694145679473877,
    -0.04298950731754303,
    1.0965763330459595,
    3.0276846885681152,
    1.0635398626327515,
    1.0847071409225464,
    3.0295464992523193,
    1.0660909414291382,
    0.48281973600387573,
    1.502171277999878,
    0.15405046939849854,
    -0.9009191989898682,
    -1.2621654272079468,
    -1.292190670967102,
    -1.1066256761550903,
    0.051738668233156204,
    -2.3453171253204346,
    -0.8670046925544739,
    1.7823858261108398,
    -0.8845661282539368,
    -0.20984043180942535
  ]
}