split_id,model,best_f1_mean,best_f1_std,precision_best_mean,precision_best_std,recall_best_mean,recall_best_std,adj_f1_best_mean,adj_f1_best_std,adj_precision_best_mean,adj_precision_best_std,adj_recall_best_mean,adj_recall_best_std,auroc_mean,auroc_std,pr_auc_mean,pr_auc_std,n_files
12,gated,0.1233435768800227,0.11657132818345456,0.11009533429464141,0.12717994728754936,0.2661290322572061,0.25056301500416045,0.31324739879028374,0.3077364986550352,0.2294878924910863,0.2598602019788441,0.6874999999977823,0.4787135538766249,0.9408268258263344,0.07729147145916872,0.07190479036721346,0.0750338865469737,16
12,gaussian,0.07159664246135017,0.08059409341310318,0.042743576649874486,0.05049133223145069,0.35483870967627473,0.3448244764043035,0.13665468591661112,0.15797192542816285,0.08151055471125991,0.10342764042736156,0.624999999997984,0.49999999999838707,0.9368831696179035,0.07577852320388828,0.03466537908431719,0.03115897233258272,16
12,mse,0.039501487196365315,0.028591991461257297,0.04016468955699913,0.04795451598653771,0.19354838709614985,0.2829408025451395,0.373741938467362,0.30962125502424914,0.27615991000921575,0.264408588542865,0.8749999999971775,0.3415650255308848,0.9267327749258092,0.065549802157524,0.021284676513334874,0.013878427866380678,16
