{
  "quantiles": [
    0.95,
    0.99,
    0.999
  ],
  "n_val": 538413,
  "n_test": 538304,
  "models": {
    "gated": {
      "thresholds": [
        -2.259755849838257,
        -1.3858357667922974,
        -0.07526960223913193
      ],
      "fpr_val": [
        0.05000065005859814,
        0.010001615859943946,
        0.0010010902411345937
      ],
      "fpr_test": [
        0.05167340387587683,
        0.009011636547378432,
        0.0006929170134347878
      ]
    },
    "gaussian": {
      "thresholds": [
        -2.163525342941284,
        -0.9583861827850342,
        5.118879795074463
      ],
      "fpr_val": [
        0.05000065005859814,
        0.010001615859943946,
        0.0010010902411345937
      ],
      "fpr_test": [
        0.0709766228748068,
        0.02109588633931756,
        0.003930864344311022
      ]
    },
    "mse": {
      "thresholds": [
        0.004877982195466757,
        0.041058845818042755,
        0.3950778543949127
      ],
      "fpr_val": [
        0.05000065005859814,
        0.010001615859943946,
        0.0010010902411345937
      ],
      "fpr_test": [
        0.054116261443347996,
        0.011720143264772323,
        0.0013449649268814647
      ]
    }
  }
}