{
  "feature_names": [
    "Fuel_consumption",
    "Accelerator_Pedal_value",
    "Intake_air_pressure",
    "Absolute_throttle_position",
    "Engine_speed",
    "Torque_of_friction",
    "Flywheel_torque_(after_torque_interventions)",
    "Engine_Idel_Target_Speed",
    "Engine_torque",
    "Calculated_LOAD_value",
    "Minimum_indicated_engine_torque",
    "Maximum_indicated_engine_torque",
    "Flywheel_torque",
    "Torque_converter_speed",
    "Current_Gear",
    "Wheel_velocity_front_left-hand",
    "Wheel_velocity_rear_right-hand",
    "Wheel_velocity_front_right-hand",
    "Wheel_velocity_rear_left-hand",
    "Torque_converter_turbine_speed_-_Unfiltered",
    "Clutch_operation_acknowledge",
    "Converter_clutch",
    "Vehicle_speed",
    "Acceleration_speed_-_Longitudinal",
    "Indication_of_brake_switch_ON/OFF",
    "Master_cylinder_pressure",
    "Calculated_road_gradient",
    "Acceleration_speed_-_Lateral",
    "Steering_wheel_speed",
    "Steering_wheel_angle"
  ],
  "mean_alpha": [
    0.02477894350886345,
    0.8673622012138367,
    0.03647231683135033,
    0.03812575340270996,
    0.021499082446098328,
    0.019817791879177094,
    0.07950621843338013,
    0.0191582553088665,
    0.034201480448246,
    0.03407945856451988,
    0.1418626457452774,
    0.019449656829237938,
    0.07864505052566528,
    0.02194763720035553,
    0.036655087023973465,
    0.018704624846577644,
    0.018623873591423035,
    0.01865789107978344,
    0.01865316368639469,
    0.021768800914287567,
    0.7237653136253357,
    0.4617580473423004,
    0.018678540363907814,
    0.027758484706282616,
    0.9807332754135132,
    0.025292910635471344,
    0.21750019490718842,
    0.06924472749233246,
    0.8520206212997437,
    0.28426945209503174
  ],
  "alpha_p10": [
    0.02081308886408806,
    0.2206205576658249,
    0.008418391458690166,
    0.016587095335125923,
    0.012470081448554993,
    0.014222387224435806,
    0.007585203740745783,
    0.014464626088738441,
    0.007410633843392134,
    0.007420728914439678,
    0.000808077456895262,
    0.014754202216863632,
    0.007349842227995396,
    0.015476536937057972,
    0.010997745208442211,
    0.015275952406227589,
    0.014926078729331493,
    0.014667616225779057,
    0.015036379918456078,
    0.015691665932536125,
    0.027659734711050987,
    0.004819202236831188,
    0.013507917523384094,
    0.022681698203086853,
    0.9738587141036987,
    0.01470455527305603,
    0.007618604693561792,
    0.005531803239136934,
    0.6284905076026917,
    0.24674884974956512
  ],
  "alpha_p50": [
    0.02548728697001934,
    0.998431384563446,
    0.0353815034031868,
    0.030859429389238358,
    0.021579701453447342,
    0.01859859749674797,
    0.08701500296592712,
    0.017223941162228584,
    0.03831782937049866,
    0.031019410118460655,
    0.09613201022148132,
    0.01902277022600174,
    0.08484543859958649,
    0.021854884922504425,
    0.02469354122877121,
    0.019231364130973816,
    0.01918056234717369,
    0.019319485872983932,
    0.019052378833293915,
    0.02166975662112236,
    0.9888983368873596,
    0.6687111854553223,
    0.019594762474298477,
    0.02687506005167961,
    0.9820089936256409,
    0.02263030782341957,
    0.06396201997995377,
    0.054428063333034515,
    0.9318831562995911,
    0.28178250789642334
  ],
  "alpha_p90": [
    0.028345618396997452,
    0.9998941421508789,
    0.0697191059589386,
    0.0736369788646698,
    0.02845253236591816,
    0.026676982641220093,
    0.15641143918037415,
    0.026521217077970505,
    0.06108621135354042,
    0.06720074266195297,
    0.44368690252304077,
    0.0245197843760252,
    0.15695913136005402,
    0.02882421761751175,
    0.06509718298912048,
    0.020492346957325935,
    0.02047116309404373,
    0.020521782338619232,
    0.020855318754911423,
    0.028171248733997345,
    0.9995885491371155,
    0.8406558036804199,
    0.021095741540193558,
    0.03395621478557587,
    0.9848917126655579,
    0.03822730854153633,
    0.8345836400985718,
    0.14295460283756256,
    0.9742318987846375,
    0.33073949813842773
  ],
  "mean_forecast_nll": [
    -0.3528510630130768,
    -2.1831889152526855,
    0.09816081821918488,
    -0.5839401483535767,
    -0.7985126376152039,
    -0.23444563150405884,
    0.7230327725410461,
    -0.6088714003562927,
    0.06627647578716278,
    0.18146507441997528,
    -0.5039466619491577,
    -0.2666342854499817,
    0.6996718645095825,
    -0.9194907546043396,
    -0.9094756841659546,
    -2.1112544536590576,
    -2.140198230743408,
    -2.197103977203369,
    -2.0950772762298584,
    -0.9050442576408386,
    -0.7022668719291687,
    -0.7393191456794739,
    -2.1676783561706543,
    0.49997079372406006,
    3.131871223449707,
    -0.49327266216278076,
    0.22802816331386566,
    0.9857550263404846,
    -0.12416563183069229,
    -0.4430951774120331
  ],
  "mean_marginal_surprise": [
    0.9056132435798645,
    -2.502018690109253,
    1.4513139724731445,
    0.14884857833385468,
    1.3211041688919067,
    1.0771945714950562,
    1.3273769617080688,
    1.2463886737823486,
    1.4763391017913818,
    1.3628305196762085,
    0.5701047778129578,
    0.9896787405014038,
    1.3141751289367676,
    1.0440928936004639,
    0.9160060882568359,
    1.438948392868042,
    1.3127647638320923,
    1.3177300691604614,
    1.332067847251892,
    1.0273560285568237,
    -2.028761863708496,
    -0.5285654664039612,
    1.5283584594726562,
    1.3426531553268433,
    -2.0628371238708496,
    0.8096075654029846,
    0.6094856858253479,
    1.1784723997116089,
    -0.6630855798721313,
    -0.3395538628101349
  ],
  "mean_combined_score": [
    -0.4507825970649719,
    -2.7655396461486816,
    -0.07218651473522186,
    -0.6411707997322083,
    -1.0205024480819702,
    -0.2598332166671753,
    0.44468337297439575,
    -1.3328545093536377,
    -0.0633050948381424,
    0.1199600026011467,
    -0.656067967414856,
    -0.46579837799072266,
    0.43369385600090027,
    -1.0816700458526611,
    -1.051844596862793,
    -2.0965147018432617,
    -2.1242012977600098,
    -2.1833410263061523,
    -2.0789294242858887,
    -1.0663707256317139,
    -2.256591558456421,
    -1.506585955619812,
    -2.1602141857147217,
    0.4079350531101227,
    -2.0483148097991943,
    -0.7220309972763062,
    -0.13699740171432495,
    0.5902623534202576,
    -1.0053588151931763,
    -0.5635228157043457
  ]
}