{
  "feature_names": [
    "Engine Coolant Temperature [\u00b0C]",
    "Intake Manifold Absolute Pressure [kPa]",
    "Engine RPM [RPM]",
    "Vehicle Speed Sensor [km/h]",
    "Intake Air Temperature [\u00b0C]",
    "Air Flow Rate from Mass Flow Sensor [g/s]",
    "Absolute Throttle Position [%]",
    "Ambient Air Temperature [\u00b0C]",
    "Accelerator Pedal Position D [%]",
    "Accelerator Pedal Position E [%]"
  ],
  "mean_alpha": [
    0.006060091312974691,
    0.00422661192715168,
    0.004416723735630512,
    0.0029512494802474976,
    0.003455508965998888,
    0.005337108392268419,
    0.01291914563626051,
    0.004982299171388149,
    0.004373875446617603,
    0.01157361175864935
  ],
  "alpha_p10": [
    0.005122518166899681,
    0.002500445581972599,
    0.0022011748515069485,
    0.0024569493252784014,
    0.003124358132481575,
    0.002277879975736141,
    0.004145526327192783,
    0.00477308826521039,
    0.0022496420424431562,
    0.0022727935574948788
  ],
  "alpha_p50": [
    0.005577492993324995,
    0.0036317945923656225,
    0.003197032492607832,
    0.002832239493727684,
    0.0033641140908002853,
    0.0037654147017747164,
    0.004837110638618469,
    0.005021328572183847,
    0.004059476312249899,
    0.009480345994234085
  ],
  "alpha_p90": [
    0.007690915837883949,
    0.0064264219254255295,
    0.007390896324068308,
    0.003618890419602394,
    0.0039377883076667786,
    0.010063976980745792,
    0.013634729199111462,
    0.00514995539560914,
    0.00740402564406395,
    0.02386472001671791
  ],
  "mean_forecast_nll": [
    -3.066257953643799,
    -2.4206454753875732,
    -2.761143445968628,
    -2.9093663692474365,
    -3.2431018352508545,
    -2.331211805343628,
    -5.84619140625,
    -2.630788803100586,
    -2.6853139400482178,
    -3.2105088233947754
  ],
  "mean_marginal_surprise": [
    -0.30024611949920654,
    1.5008611679077148,
    1.4097720384597778,
    1.401249885559082,
    0.8594093918800354,
    1.9097241163253784,
    -2.947652578353882,
    1.1048171520233154,
    2.0324623584747314,
    -0.12447908520698547
  ],
  "mean_combined_score": [
    -3.089073896408081,
    -2.4564406871795654,
    -2.789670467376709,
    -2.9073476791381836,
    -3.2427115440368652,
    -2.363919734954834,
    -5.884197235107422,
    -2.668384075164795,
    -2.7235231399536133,
    -3.2193655967712402
  ]
}