model,quantile,threshold,fpr_val,fpr_test,n_val,n_test
gated,0.95,-1.8586890697479248,0.050000278428992254,0.03236539399649218,538737,537086
gated,0.99,-1.2408744096755981,0.010001169401767467,0.005520531162607106,538737,537086
gated,0.999,-0.5041797757148743,0.0010004881788330856,0.0007261406925520308,538737,537086
gaussian,0.95,-1.6953239440917969,0.050000278428992254,0.03900865038373743,538737,537086
gaussian,0.99,-0.45944148302078247,0.010001169401767467,0.008533084087092198,538737,537086
gaussian,0.999,4.9926300048828125,0.0010004881788330856,0.0008397165444640151,538737,537086
mse,0.95,0.005954466760158539,0.050000278428992254,0.04395944038757294,538737,537086
mse,0.99,0.04368143528699875,0.010001169401767467,0.009434243305541384,538737,537086
mse,0.999,0.4645267724990845,0.0010004881788330856,0.000958878094011015,538737,537086
