{
  "quantiles": [
    0.95,
    0.99,
    0.999
  ],
  "n_val": 538737,
  "n_test": 537086,
  "models": {
    "gated": {
      "thresholds": [
        -1.8586890697479248,
        -1.2408744096755981,
        -0.5041797757148743
      ],
      "fpr_val": [
        0.050000278428992254,
        0.010001169401767467,
        0.0010004881788330856
      ],
      "fpr_test": [
        0.03236539399649218,
        0.005520531162607106,
        0.0007261406925520308
      ]
    },
    "gaussian": {
      "thresholds": [
        -1.6953239440917969,
        -0.45944148302078247,
        4.9926300048828125
      ],
      "fpr_val": [
        0.050000278428992254,
        0.010001169401767467,
        0.0010004881788330856
      ],
      "fpr_test": [
        0.03900865038373743,
        0.008533084087092198,
        0.0008397165444640151
      ]
    },
    "mse": {
      "thresholds": [
        0.005954466760158539,
        0.04368143528699875,
        0.4645267724990845
      ],
      "fpr_val": [
        0.050000278428992254,
        0.010001169401767467,
        0.0010004881788330856
      ],
      "fpr_test": [
        0.04395944038757294,
        0.009434243305541384,
        0.000958878094011015
      ]
    }
  }
}