model,best_f1_mean_mean,best_f1_mean_std,precision_best_mean_mean,precision_best_mean_std,recall_best_mean_mean,recall_best_mean_std,adj_f1_best_mean_mean,adj_f1_best_mean_std,adj_precision_best_mean_mean,adj_precision_best_mean_std,adj_recall_best_mean_mean,adj_recall_best_mean_std,auroc_mean_mean,auroc_mean_std,pr_auc_mean_mean,pr_auc_mean_std
gated,0.08642635326014134,0.01612180603676058,0.0784093737224015,0.03144911138506044,0.21323936711876015,0.051486353126319565,0.2715171338915063,0.06373493781783646,0.19403033002789724,0.052880034995650214,0.6309014901486811,0.10301531912827522,0.8934751238502979,0.02238888395645864,0.05242670951910318,0.010661612270465498
gaussian,0.03942270660953214,0.014968853572641765,0.023992280653105165,0.011246309897043907,0.23983660938504675,0.06564521785782107,0.10141124098436438,0.04347090832267194,0.061707161576682136,0.0323075405144972,0.48971929257375,0.09558853696752649,0.878381996630619,0.028814992808655206,0.024446993526063023,0.005249417729715559
mse,0.034074993543243295,0.004603180060768143,0.026536662579566307,0.006483313872709075,0.16720363618816622,0.07285331867021688,0.27468344350420515,0.055679842365891116,0.18620264454229865,0.04833399823649252,0.8422011854647227,0.11717219649604883,0.8896547176774264,0.017839294866999852,0.016573652690838554,0.003193075971203781
