{
  "feature_names": [
    "Fuel_consumption",
    "Accelerator_Pedal_value",
    "Intake_air_pressure",
    "Absolute_throttle_position",
    "Engine_speed",
    "Torque_of_friction",
    "Flywheel_torque_(after_torque_interventions)",
    "Engine_Idel_Target_Speed",
    "Engine_torque",
    "Calculated_LOAD_value",
    "Minimum_indicated_engine_torque",
    "Maximum_indicated_engine_torque",
    "Flywheel_torque",
    "Torque_converter_speed",
    "Current_Gear",
    "Wheel_velocity_front_left-hand",
    "Wheel_velocity_rear_right-hand",
    "Wheel_velocity_front_right-hand",
    "Wheel_velocity_rear_left-hand",
    "Torque_converter_turbine_speed_-_Unfiltered",
    "Clutch_operation_acknowledge",
    "Converter_clutch",
    "Vehicle_speed",
    "Acceleration_speed_-_Longitudinal",
    "Indication_of_brake_switch_ON/OFF",
    "Master_cylinder_pressure",
    "Calculated_road_gradient",
    "Acceleration_speed_-_Lateral",
    "Steering_wheel_speed",
    "Steering_wheel_angle"
  ],
  "mean_alpha": [
    0.013139455579221249,
    0.3158600330352783,
    0.015422660857439041,
    0.01588260382413864,
    0.008653320372104645,
    0.006570161785930395,
    0.05712500959634781,
    0.007133691105991602,
    0.022020980715751648,
    0.017253469675779343,
    0.15011951327323914,
    0.007318888325244188,
    0.05353344604372978,
    0.00879104994237423,
    0.0188804492354393,
    0.006076203193515539,
    0.005821890663355589,
    0.0057220011949539185,
    0.006238947622478008,
    0.008885407820343971,
    0.03546517714858055,
    0.46385493874549866,
    0.005669355392456055,
    0.011562395840883255,
    0.9927616715431213,
    0.13979455828666687,
    0.17907539010047913,
    0.014655310660600662,
    0.9198698997497559,
    0.2745051980018616
  ],
  "alpha_p10": [
    0.011769183911383152,
    0.3080926239490509,
    0.0032611966598778963,
    0.010723797604441643,
    0.00605388218536973,
    0.005506709683686495,
    0.007912763394415379,
    0.004804703872650862,
    0.006380161270499229,
    0.005526084452867508,
    0.002101730089634657,
    0.0042074392549693584,
    0.007711783051490784,
    0.006502318661659956,
    0.0010909636039286852,
    0.005787097383290529,
    0.005438221152871847,
    0.0051465402357280254,
    0.005791756324470043,
    0.006878297310322523,
    0.0015239538624882698,
    0.0034165186807513237,
    0.004692221991717815,
    0.011509536765515804,
    0.9870212078094482,
    0.10279419273138046,
    0.003173637902364135,
    0.004395357798784971,
    0.7981365919113159,
    0.09063853323459625
  ],
  "alpha_p50": [
    0.01352398470044136,
    0.3185436725616455,
    0.013720715418457985,
    0.015696579590439796,
    0.008210808970034122,
    0.006557397544384003,
    0.06792917847633362,
    0.005958900786936283,
    0.02628491073846817,
    0.019016385078430176,
    0.13066378235816956,
    0.0059184846468269825,
    0.06350739300251007,
    0.00835312157869339,
    0.006704614497721195,
    0.005959787406027317,
    0.00588809372857213,
    0.005823608487844467,
    0.00604917062446475,
    0.008520989678800106,
    0.02886730432510376,
    0.6772664785385132,
    0.005827279761433601,
    0.011544657871127129,
    0.9939233064651489,
    0.12895971536636353,
    0.013585459440946579,
    0.012613874860107899,
    0.9822768568992615,
    0.1498526632785797
  ],
  "alpha_p90": [
    0.014120672829449177,
    0.32079508900642395,
    0.031161071732640266,
    0.02141777239739895,
    0.011704453267157078,
    0.007731273770332336,
    0.09779869765043259,
    0.010680979117751122,
    0.03375217691063881,
    0.028163477778434753,
    0.44216999411582947,
    0.012704992666840553,
    0.0917191430926323,
    0.01188137661665678,
    0.029837554320693016,
    0.006842924747616053,
    0.005957190413028002,
    0.0059228879399597645,
    0.007451922632753849,
    0.011543011292815208,
    0.08831139653921127,
    0.8157254457473755,
    0.006027504336088896,
    0.01163871306926012,
    0.9965780377388,
    0.19346748292446136,
    0.904580295085907,
    0.024899616837501526,
    0.9941835999488831,
    0.5704138278961182
  ],
  "mean_forecast_nll": [
    -0.3707398474216461,
    -2.0744168758392334,
    -0.11701950430870056,
    -0.8825127482414246,
    -1.1291558742523193,
    -0.35193362832069397,
    0.41012829542160034,
    -1.52827787399292,
    -0.07897575944662094,
    -0.07931560277938843,
    5.916253089904785,
    -0.7330015301704407,
    0.4004259407520294,
    -1.2390828132629395,
    -1.4813673496246338,
    -2.42805552482605,
    -2.469804048538208,
    -2.3910906314849854,
    -2.422292470932007,
    -1.2392399311065674,
    1.6497668027877808,
    -0.929965615272522,
    -2.425792694091797,
    0.4493899941444397,
    0.14221911132335663,
    -1.0585064888000488,
    0.03672993183135986,
    0.5999929308891296,
    -0.279361367225647,
    -0.518653154373169
  ],
  "mean_marginal_surprise": [
    0.8546897172927856,
    -1.4720947742462158,
    1.240707278251648,
    0.07639672607183456,
    1.1703920364379883,
    1.1368160247802734,
    1.2581849098205566,
    0.785759687423706,
    1.3066319227218628,
    1.352471947669983,
    0.12795981764793396,
    0.9035510420799255,
    1.2654608488082886,
    1.1110247373580933,
    1.1407817602157593,
    1.431922435760498,
    1.2363903522491455,
    1.3117361068725586,
    1.1551753282546997,
    1.0256239175796509,
    1.5656973123550415,
    -0.6025862693786621,
    1.2615965604782104,
    1.2057853937149048,
    -1.2879371643066406,
    -0.701261579990387,
    0.6978724002838135,
    1.073938012123108,
    -1.6947333812713623,
    -0.2659657299518585
  ],
  "mean_combined_score": [
    -0.5884616374969482,
    -2.1825110912323,
    -0.17350903153419495,
    -0.9095854163169861,
    -1.2180931568145752,
    -0.5349886417388916,
    0.37723731994628906,
    -1.7374404668807983,
    -0.17757673561573029,
    -0.11431019753217697,
    -0.8961696028709412,
    -1.031395435333252,
    0.3687547445297241,
    -1.4854540824890137,
    -1.6868948936462402,
    -2.436936378479004,
    -2.476102352142334,
    -2.395033836364746,
    -2.432436943054199,
    -1.4864470958709717,
    -1.1801637411117554,
    -1.5800857543945312,
    -2.4510200023651123,
    0.07488755881786346,
    -1.2849994897842407,
    -1.3570889234542847,
    -0.3233678936958313,
    0.3580194413661957,
    -1.8126227855682373,
    -0.7198925614356995
  ]
}