split_id,model,best_f1_mean,best_f1_std,precision_best_mean,precision_best_std,recall_best_mean,recall_best_std,adj_f1_best_mean,adj_f1_best_std,adj_precision_best_mean,adj_precision_best_std,adj_recall_best_mean,adj_recall_best_std,auroc_mean,auroc_std,pr_auc_mean,pr_auc_std,n_files
3,gated,0.09423334175815445,0.1165581903287502,0.1550515064411778,0.28456735771428954,0.20362903225740767,0.2633119061159818,0.3610078486859869,0.3453705482960122,0.28247381787692355,0.32215889887471344,0.6874999999977823,0.47871355387662484,0.9095375823277041,0.12064312660356807,0.06630678679118232,0.09111323248498182,16
3,gaussian,0.036718265140054863,0.05373318138147672,0.020483625568054466,0.03037972509957361,0.30040322580548257,0.356636452828122,0.08399258557878528,0.1339546069961405,0.04932511774456689,0.08401811431798559,0.4999999999983871,0.5163977794926565,0.903766984085756,0.12000937143121027,0.026160370989709053,0.018153807894007685,16
3,mse,0.03154861800539454,0.03032828287518769,0.024153978389703103,0.0313448116817582,0.17338709677363423,0.18356888975894115,0.245619804070357,0.24062529229799512,0.16346770989974005,0.18504949566779433,0.8749999999971775,0.3415650255308848,0.8707095113013158,0.13699182311861677,0.013049551072761395,0.010386008089095813,16
