{
  "quantiles": [
    0.95,
    0.97,
    0.99,
    0.999
  ],
  "n_val": 14888,
  "n_test": 16236,
  "fixed_gate_alphas": [
    0.3,
    0.5,
    0.7
  ],
  "models": {
    "gated": {
      "0.3": {
        "thresholds": [
          0.44554099440574646,
          0.680257260799408,
          1.7892663478851318,
          4.210200309753418
        ],
        "fpr_val": [
          0.05004030091348737,
          0.030024180548092423,
          0.010008060182697474,
          0.0010075228371843096
        ],
        "fpr_test": [
          0.015028332101502834,
          0.005789603350578961,
          0.0003695491500369549,
          0.0002463661000246366
        ]
      },
      "0.5": {
        "thresholds": [
          0.55108243227005,
          0.7690106630325317,
          1.9227490425109863,
          4.277937412261963
        ],
        "fpr_val": [
          0.05004030091348737,
          0.030024180548092423,
          0.010008060182697474,
          0.0010075228371843096
        ],
        "fpr_test": [
          0.013426952451342695,
          0.004557772850455778,
          0.0003695491500369549,
          0.0002463661000246366
        ]
      },
      "0.7": {
        "thresholds": [
          0.7454248070716858,
          0.9768568873405457,
          2.145808458328247,
          4.402719974517822
        ],
        "fpr_val": [
          0.05004030091348737,
          0.030024180548092423,
          0.010008060182697474,
          0.0010075228371843096
        ],
        "fpr_test": [
          0.0131189948263119,
          0.0037570830253757085,
          0.0003695491500369549,
          0.0002463661000246366
        ]
      }
    }
  }
}