{
  "quantiles": [
    0.95,
    0.99,
    0.999
  ],
  "n_val": 537481,
  "n_test": 538123,
  "models": {
    "gated": {
      "thresholds": [
        -1.6308168172836304,
        -0.8479442000389099,
        0.02509397268295288
      ],
      "fpr_val": [
        0.049999906973455806,
        0.010000353500867937,
        0.001000965615528735
      ],
      "fpr_test": [
        0.017271144329456277,
        0.0016185890586352934,
        0.00018025618678257574
      ]
    },
    "gaussian": {
      "thresholds": [
        0.8881813287734985,
        9.295557022094727,
        47.647220611572266
      ],
      "fpr_val": [
        0.049999906973455806,
        0.010000353500867937,
        0.001000965615528735
      ],
      "fpr_test": [
        0.030180832263255797,
        0.02277546211553864,
        0.007176797869632036
      ]
    },
    "mse": {
      "thresholds": [
        0.0055175963789224625,
        0.04319426417350769,
        0.4104919135570526
      ],
      "fpr_val": [
        0.049999906973455806,
        0.010000353500867937,
        0.001000965615528735
      ],
      "fpr_test": [
        0.05404526474430567,
        0.011677627605584598,
        0.0012320603282149247
      ]
    }
  }
}