{
  "quantiles": [
    0.95,
    0.99,
    0.999
  ],
  "n_val": 14888,
  "n_test": 16236,
  "models": {
    "gated": {
      "thresholds": [
        0.3665536344051361,
        1.8792494535446167,
        4.261176109313965
      ],
      "fpr_val": [
        0.05004030091348737,
        0.010008060182697474,
        0.0010075228371843096
      ],
      "fpr_test": [
        0.018600640551860063,
        0.0011086474501108647,
        0.00030795762503079576
      ]
    },
    "gaussian": {
      "thresholds": [
        0.7212567925453186,
        4.692976474761963,
        70.3140869140625
      ],
      "fpr_val": [
        0.05004030091348737,
        0.010008060182697474,
        0.0010075228371843096
      ],
      "fpr_test": [
        0.02820891845282089,
        0.004188223700418822,
        0.0005543237250554324
      ]
    },
    "mse": {
      "thresholds": [
        0.7833178043365479,
        2.143232583999634,
        4.976595878601074
      ],
      "fpr_val": [
        0.05004030091348737,
        0.010008060182697474,
        0.0010075228371843096
      ],
      "fpr_test": [
        0.023527962552352795,
        0.0013550135501355014,
        0.0003695491500369549
      ]
    }
  }
}