{
  "feature_names": [
    "Engine Coolant Temperature [\u00b0C]",
    "Intake Manifold Absolute Pressure [kPa]",
    "Engine RPM [RPM]",
    "Vehicle Speed Sensor [km/h]",
    "Intake Air Temperature [\u00b0C]",
    "Air Flow Rate from Mass Flow Sensor [g/s]",
    "Absolute Throttle Position [%]",
    "Ambient Air Temperature [\u00b0C]",
    "Accelerator Pedal Position D [%]",
    "Accelerator Pedal Position E [%]"
  ],
  "mean_alpha": [
    0.004094690550118685,
    0.003474258817732334,
    0.0036262369249016047,
    0.00284644216299057,
    0.0033313899766653776,
    0.004129031673073769,
    0.014652049168944359,
    0.005105928052216768,
    0.005268517881631851,
    0.0045952871441841125
  ],
  "alpha_p10": [
    0.0038927632849663496,
    0.0016065073432400823,
    0.001699968590401113,
    0.0019489137921482325,
    0.002693772781640291,
    0.0017394071910530329,
    0.004271834157407284,
    0.0044463337399065495,
    0.002051567891612649,
    0.0026194974780082703
  ],
  "alpha_p50": [
    0.004072839859873056,
    0.0025693096686154604,
    0.002371786627918482,
    0.0027969065122306347,
    0.002961826743558049,
    0.0026910710148513317,
    0.004763726610690355,
    0.004931244067847729,
    0.0031707952730357647,
    0.003455227240920067
  ],
  "alpha_p90": [
    0.004310475662350655,
    0.0058767604641616344,
    0.0053844088688492775,
    0.0035636078100651503,
    0.004481654614210129,
    0.007309520151466131,
    0.01190026756376028,
    0.005798652768135071,
    0.009928574785590172,
    0.007601778022944927
  ],
  "mean_forecast_nll": [
    -4.17335319519043,
    -3.0397582054138184,
    -3.162515163421631,
    -3.3392493724823,
    -3.6388633251190186,
    -3.1527392864227295,
    -6.026002407073975,
    -3.682391405105591,
    -4.031274318695068,
    -1.8010700941085815
  ],
  "mean_marginal_surprise": [
    0.2496291995048523,
    0.8812919855117798,
    1.267530918121338,
    1.2674753665924072,
    0.9441139101982117,
    0.9929498434066772,
    -2.0317888259887695,
    0.8933814167976379,
    0.8310357928276062,
    -1.4716013669967651
  ],
  "mean_combined_score": [
    -4.206948280334473,
    -3.1123311519622803,
    -3.192049503326416,
    -3.364473819732666,
    -3.6482224464416504,
    -3.245147466659546,
    -6.141038417816162,
    -3.858955144882202,
    -4.064342021942139,
    -4.553560256958008
  ]
}