split_id,model,best_f1_mean,best_f1_std,precision_best_mean,precision_best_std,recall_best_mean,recall_best_std,adj_f1_best_mean,adj_f1_best_std,adj_precision_best_mean,adj_precision_best_std,adj_recall_best_mean,adj_recall_best_std,auroc_mean,auroc_std,pr_auc_mean,pr_auc_std,n_files
5,gated,0.09222640509883306,0.11936939994456928,0.07235742707664582,0.1036128516307626,0.1782682512727696,0.20069494854484213,0.26817136377242334,0.2772405017964262,0.18497569877614514,0.1997541490081363,0.5789473684191851,0.5072572735001518,0.8756996796352224,0.1526376078235897,0.05747779934018859,0.08821516942425425,19
5,gaussian,0.03736894766789088,0.04758757992124089,0.020896599808137746,0.02669976041290718,0.18845500848835642,0.24050068161593702,0.0815930207196263,0.10198097077683622,0.045402190225036866,0.05700731886465701,0.42105263157758915,0.5072572735001518,0.8702972116448372,0.15235701089990905,0.027141308253103867,0.015509370437118069,19
5,mse,0.03224985609236609,0.02348973858105048,0.02211894677227895,0.019167285462706664,0.21901528013511695,0.21114155132523424,0.23973587117018236,0.22962294614980006,0.15827899762123518,0.1810986590577852,0.9473684210495756,0.22941573386982173,0.8847048165585064,0.09673321836640658,0.014758208024695647,0.010690141512191572,19
