{
  "quantiles": [
    0.95,
    0.99,
    0.999
  ],
  "n_val": 538010,
  "n_test": 537455,
  "models": {
    "gated": {
      "thresholds": [
        -1.793662190437317,
        -1.0184824466705322,
        -0.19346436858177185
      ],
      "fpr_val": [
        0.05000092935075556,
        0.010001672831360012,
        0.001001840114496013
      ],
      "fpr_test": [
        0.02447832841819315,
        0.0032951595947567705,
        0.0006158655143221293
      ]
    },
    "gaussian": {
      "thresholds": [
        -1.3220741748809814,
        5.567996978759766,
        24.247631072998047
      ],
      "fpr_val": [
        0.05000092935075556,
        0.010001672831360012,
        0.001001840114496013
      ],
      "fpr_test": [
        0.012188927445088427,
        0.001276385929984836,
        0.0003497967271678559
      ]
    },
    "mse": {
      "thresholds": [
        0.006985965184867382,
        0.053246162831783295,
        0.4728723168373108
      ],
      "fpr_val": [
        0.05000092935075556,
        0.010001672831360012,
        0.001001840114496013
      ],
      "fpr_test": [
        0.04453023974100157,
        0.009615688755337656,
        0.0009824078294927018
      ]
    }
  }
}