model,quantile,threshold,fpr_val,fpr_test,n_val,n_test
gated,0.95,-1.793662190437317,0.05000092935075556,0.02447832841819315,538010,537455
gated,0.99,-1.0184824466705322,0.010001672831360012,0.0032951595947567705,538010,537455
gated,0.999,-0.19346436858177185,0.001001840114496013,0.0006158655143221293,538010,537455
gaussian,0.95,-1.3220741748809814,0.05000092935075556,0.012188927445088427,538010,537455
gaussian,0.99,5.567996978759766,0.010001672831360012,0.001276385929984836,538010,537455
gaussian,0.999,24.247631072998047,0.001001840114496013,0.0003497967271678559,538010,537455
mse,0.95,0.006985965184867382,0.05000092935075556,0.04453023974100157,538010,537455
mse,0.99,0.053246162831783295,0.010001672831360012,0.009615688755337656,538010,537455
mse,0.999,0.4728723168373108,0.001001840114496013,0.0009824078294927018,538010,537455
