{
  "feature_names": [
    "Engine Coolant Temperature [\u00b0C]",
    "Intake Manifold Absolute Pressure [kPa]",
    "Engine RPM [RPM]",
    "Vehicle Speed Sensor [km/h]",
    "Intake Air Temperature [\u00b0C]",
    "Air Flow Rate from Mass Flow Sensor [g/s]",
    "Absolute Throttle Position [%]",
    "Ambient Air Temperature [\u00b0C]",
    "Accelerator Pedal Position D [%]",
    "Accelerator Pedal Position E [%]"
  ],
  "mean_alpha": [
    0.004108929540961981,
    0.0032728908117860556,
    0.004379984922707081,
    0.0030702967196702957,
    0.0036079264245927334,
    0.0035881600342690945,
    0.017395533621311188,
    0.0053305309265851974,
    0.005461249966174364,
    0.005318070761859417
  ],
  "alpha_p10": [
    0.003850114531815052,
    0.0023630072828382254,
    0.002403832273557782,
    0.0028031866531819105,
    0.0033417048398405313,
    0.002284205285832286,
    0.005929118953645229,
    0.004797589499503374,
    0.0025121509097516537,
    0.002926232060417533
  ],
  "alpha_p50": [
    0.00408942112699151,
    0.002829069271683693,
    0.0030545080080628395,
    0.0030379786621779203,
    0.0034592975862324238,
    0.0028588424902409315,
    0.006709533277899027,
    0.005165322683751583,
    0.005149147007614374,
    0.005592823959887028
  ],
  "alpha_p90": [
    0.004420395474880934,
    0.004893261007964611,
    0.0064913020469248295,
    0.0034176227636635303,
    0.004127016756683588,
    0.005641852971166372,
    0.021503042429685593,
    0.00617717020213604,
    0.00796063058078289,
    0.007205420173704624
  ],
  "mean_forecast_nll": [
    -3.682504892349243,
    -3.0422701835632324,
    -2.927706718444824,
    -3.19547176361084,
    -3.41365385055542,
    -3.0484542846679688,
    -5.9597697257995605,
    -3.679245710372925,
    -3.2377209663391113,
    -3.5831713676452637
  ],
  "mean_marginal_surprise": [
    0.7952280640602112,
    0.6419314742088318,
    1.1509230136871338,
    1.3223170042037964,
    0.846758246421814,
    0.7986226081848145,
    -2.6803479194641113,
    1.5754259824752808,
    1.4233086109161377,
    0.7001647353172302
  ],
  "mean_combined_score": [
    -3.7022504806518555,
    -3.0396149158477783,
    -2.9299960136413574,
    -3.1931793689727783,
    -3.4192943572998047,
    -3.0713040828704834,
    -6.00135612487793,
    -3.6757962703704834,
    -3.2993385791778564,
    -3.6263926029205322
  ]
}