split_id,model,best_f1_mean,best_f1_std,precision_best_mean,precision_best_std,recall_best_mean,recall_best_std,adj_f1_best_mean,adj_f1_best_std,adj_precision_best_mean,adj_precision_best_std,adj_recall_best_mean,adj_recall_best_std,auroc_mean,auroc_std,pr_auc_mean,pr_auc_std,n_files
8,gated,0.07281829815540299,0.09699997991721669,0.05741688531150144,0.1025721247938361,0.20347394540877295,0.20962969489255542,0.24520371055319193,0.24919093195645134,0.16495603654926688,0.19493364109384714,0.6923076923054592,0.48038446141371177,0.8945947606889397,0.155936414114914,0.04128270392911812,0.07427752807019737,13
8,gaussian,0.03236804560999006,0.05257602477821595,0.018152157046212227,0.029683441356490887,0.27047146401897865,0.36957158066008766,0.10726686737977828,0.14991752550123646,0.06343572545642928,0.09268631732943683,0.5384615384598015,0.518874521661097,0.8437695151574722,0.2150157581634805,0.02062477829172468,0.01944521698510221,13
8,mse,0.03164602679679537,0.02984392853649371,0.02221536907936596,0.021246232519118915,0.07444168734467302,0.06503103048697652,0.2639202531801867,0.2389469488708987,0.173632165090204,0.17125235788636883,0.6923076923054592,0.48038446141371177,0.907871011834597,0.10630896565247575,0.015231401439301483,0.011464314540407946,13
