{
  "feature_names": [
    "Engine Coolant Temperature [\u00b0C]",
    "Intake Manifold Absolute Pressure [kPa]",
    "Engine RPM [RPM]",
    "Vehicle Speed Sensor [km/h]",
    "Intake Air Temperature [\u00b0C]",
    "Air Flow Rate from Mass Flow Sensor [g/s]",
    "Absolute Throttle Position [%]",
    "Ambient Air Temperature [\u00b0C]",
    "Accelerator Pedal Position D [%]",
    "Accelerator Pedal Position E [%]"
  ],
  "mean_alpha": [
    0.0038747829385101795,
    0.004223748575896025,
    0.004957252647727728,
    0.002980148885399103,
    0.003288001986220479,
    0.005360330455005169,
    0.06264279782772064,
    0.0048851692117750645,
    0.0054577928967773914,
    0.006484775338321924
  ],
  "alpha_p10": [
    0.003506735200062394,
    0.002144621219485998,
    0.0021306811831891537,
    0.0029645601753145456,
    0.0028732928913086653,
    0.0021410873159766197,
    0.004782530013471842,
    0.004703941289335489,
    0.0023129016626626253,
    0.006010513287037611
  ],
  "alpha_p50": [
    0.003788463305681944,
    0.003790518268942833,
    0.0032289475202560425,
    0.002977235708385706,
    0.003167136572301388,
    0.0042506856843829155,
    0.007857667282223701,
    0.004879722371697426,
    0.0038963963743299246,
    0.006551899015903473
  ],
  "alpha_p90": [
    0.0045170532539486885,
    0.006388823036104441,
    0.007531957700848579,
    0.0030017110984772444,
    0.0037592845037579536,
    0.00860623735934496,
    0.14498311281204224,
    0.00507340906187892,
    0.009547488763928413,
    0.006895117927342653
  ],
  "mean_forecast_nll": [
    -4.068305492401123,
    -2.3616342544555664,
    -2.7570595741271973,
    -3.0949621200561523,
    -3.0101757049560547,
    -2.599156141281128,
    -2.251143217086792,
    -2.9775583744049072,
    -3.706078290939331,
    -4.013514518737793
  ],
  "mean_marginal_surprise": [
    -0.09670089930295944,
    1.4606754779815674,
    1.204976201057434,
    1.0190362930297852,
    1.5290135145187378,
    1.0561445951461792,
    4.357317924499512,
    1.3017914295196533,
    0.7688661217689514,
    -1.7215244770050049
  ],
  "mean_combined_score": [
    -4.091213703155518,
    -2.372154951095581,
    -2.7607457637786865,
    -3.09311580657959,
    -3.008510112762451,
    -2.6343753337860107,
    -2.2524056434631348,
    -2.994142532348633,
    -3.7508115768432617,
    -4.02268123626709
  ]
}