{
  "quantiles": [
    0.95,
    0.97,
    0.99,
    0.999
  ],
  "n_val": 17180,
  "n_test": 15148,
  "fixed_gate_alphas": [
    0.3,
    0.5,
    0.7
  ],
  "models": {
    "gated": {
      "0.3": {
        "thresholds": [
          0.25564590096473694,
          0.36692196130752563,
          0.612865686416626,
          1.0785343647003174
        ],
        "fpr_val": [
          0.05,
          0.030034924330616997,
          0.010011641443538999,
          0.0010477299185098952
        ],
        "fpr_test": [
          0.035252178505413255,
          0.02039873250594138,
          0.006007393715341959,
          0.0011222603644045418
        ]
      },
      "0.5": {
        "thresholds": [
          0.33973339200019836,
          0.4497995972633362,
          0.663261353969574,
          1.0486721992492676
        ],
        "fpr_val": [
          0.05,
          0.030034924330616997,
          0.010011641443538999,
          0.0010477299185098952
        ],
        "fpr_test": [
          0.03584631634539213,
          0.02165302350145234,
          0.007129654079746501,
          0.0013863216266173752
        ]
      },
      "0.7": {
        "thresholds": [
          0.5288771390914917,
          0.633667528629303,
          0.8526247143745422,
          1.2100244760513306
        ],
        "fpr_val": [
          0.05,
          0.030034924330616997,
          0.010011641443538999,
          0.0010477299185098952
        ],
        "fpr_test": [
          0.03538420913651967,
          0.02165302350145234,
          0.007261684710852918,
          0.002046474782149459
        ]
      }
    }
  }
}