split_id,model,best_f1_mean,best_f1_std,precision_best_mean,precision_best_std,recall_best_mean,recall_best_std,adj_f1_best_mean,adj_f1_best_std,adj_precision_best_mean,adj_precision_best_std,adj_recall_best_mean,adj_recall_best_std,auroc_mean,auroc_std,pr_auc_mean,pr_auc_std,n_files
7,gated,0.08823666074827546,0.12320400154095226,0.07007012566828834,0.10793736561544269,0.2884250474373998,0.3563878552359082,0.20044642837246837,0.27766954756478196,0.1413220901364633,0.20796488517548428,0.5294117647041746,0.5144957554258669,0.8564163998707228,0.1802899566871959,0.05096370454939249,0.06989271807299914,17
7,gaussian,0.042905785168945554,0.058554169077033674,0.02422715872053319,0.03401050505499748,0.2618595825418498,0.32295992882466273,0.08138206938159473,0.10729749622341585,0.04565225173983401,0.06152076625190242,0.47058823529259963,0.5144957554258669,0.8524299895975421,0.17820999839622728,0.023000234979933417,0.01918445282800112,17
7,mse,0.039573856070989906,0.03865238823061292,0.03148240988488673,0.034539069360611706,0.08349146110029994,0.08911843037086162,0.30093785340251483,0.262897820989217,0.20700050853243915,0.20794957723438517,0.7058823529388994,0.4696682183123471,0.8794426685566199,0.11548135387130785,0.020033824351466757,0.017267876608022818,17
