{
  "quantiles": [
    0.95,
    0.99,
    0.999
  ],
  "n_val": 537826,
  "n_test": 537681,
  "models": {
    "gated": {
      "thresholds": [
        -1.8623719215393066,
        -1.0336549282073975,
        -0.023270070552825928
      ],
      "fpr_val": [
        0.05000130153618457,
        0.010001375909680825,
        0.0010003235247087348
      ],
      "fpr_test": [
        0.016987767840038984,
        0.0020811596467050168,
        0.0002399192086013826
      ]
    },
    "gaussian": {
      "thresholds": [
        -1.70855712890625,
        2.02787709236145,
        12.57737922668457
      ],
      "fpr_val": [
        0.05000130153618457,
        0.010001375909680825,
        0.0010003235247087348
      ],
      "fpr_test": [
        0.01953760687098856,
        0.002066280936094078,
        0.0008183290836016151
      ]
    },
    "mse": {
      "thresholds": [
        0.006076894700527191,
        0.04555734992027283,
        0.5463055372238159
      ],
      "fpr_val": [
        0.05000130153618457,
        0.010001375909680825,
        0.0010003235247087348
      ],
      "fpr_test": [
        0.04396101033884404,
        0.009673021735936364,
        0.0008276282777334516
      ]
    }
  }
}