model,quantile,threshold,fpr_val,fpr_test,n_val,n_test
gated,0.95,-1.8623719215393066,0.05000130153618457,0.016987767840038984,537826,537681
gated,0.99,-1.0336549282073975,0.010001375909680825,0.0020811596467050168,537826,537681
gated,0.999,-0.023270070552825928,0.0010003235247087348,0.0002399192086013826,537826,537681
gaussian,0.95,-1.70855712890625,0.05000130153618457,0.01953760687098856,537826,537681
gaussian,0.99,2.02787709236145,0.010001375909680825,0.002066280936094078,537826,537681
gaussian,0.999,12.57737922668457,0.0010003235247087348,0.0008183290836016151,537826,537681
mse,0.95,0.006076894700527191,0.05000130153618457,0.04396101033884404,537826,537681
mse,0.99,0.04555734992027283,0.010001375909680825,0.009673021735936364,537826,537681
mse,0.999,0.5463055372238159,0.0010003235247087348,0.0008276282777334516,537826,537681
