{
  "num_seen": 3,
  "num_splits": 4,
  "feature_names": [
    "fuel_usage",
    "accelerator_position",
    "throttle_position",
    "inhale_pressure",
    "throttle_position_abs",
    "engine_speed",
    "engine_torque_revised",
    "friction_torque",
    "current_fire_timing",
    "cooling_temperature",
    "engine_idle_slippage",
    "engine_torque",
    "calculation_overhead",
    "engine_torque_min",
    "torque_converter_speed",
    "wheel_velo_frontleft",
    "wheel_velo_backright",
    "wheel_velo_frontright",
    "wheel_velo_backleft",
    "torque_converter_turbin_speed",
    "converter_clutch",
    "car_speed",
    "brake_switch",
    "steering_wheel_acceleration",
    "steering_wheel_angle"
  ],
  "fpr_seen_mean": 0.07040387149928334,
  "fpr_seen_std": 0.09498182953416914,
  "fpr_unseen_mean": 0.05043163396954877,
  "fpr_unseen_std": 0.05887930752218741,
  "human_seen_mean_mse": 5.850873112678528,
  "nonhuman_seen_mean_mse": 1.5054739564657211,
  "human_unseen_mean_mse": 6.916912913322449,
  "nonhuman_unseen_mean_mse": 1.2124641202390194,
  "human_seen_nonfp_mean_mse": 0.4380863979458809,
  "nonhuman_seen_nonfp_mean_mse": 0.3124496713280678,
  "human_unseen_nonfp_mean_mse": 0.5006482750177383,
  "nonhuman_unseen_nonfp_mean_mse": 0.3247222229838371,
  "human_seen_share_mean": 0.47962889075279236,
  "nonhuman_seen_share_mean": 0.5203710868954659,
  "human_unseen_share_mean": 0.6125281378626823,
  "nonhuman_unseen_share_mean": 0.3874718751758337,
  "human_seen_nonfp_share_mean": 0.1760101616382599,
  "nonhuman_seen_nonfp_share_mean": 0.8239894509315491,
  "human_unseen_nonfp_share_mean": 0.1995587758719921,
  "nonhuman_unseen_nonfp_share_mean": 0.8004412651062012,
  "mean_seen_feature_mse": [
    2.115043967962265,
    4.469989597797394,
    3.1859715580940247,
    1.4904708415269852,
    3.7022405564785004,
    1.089273415505886,
    1.834902286529541,
    3.9435758758336306,
    1.1997572630643845,
    1.9813709207810462,
    1.78179469704628,
    1.8370368778705597,
    1.6735655963420868,
    1.950603038072586,
    0.5500692501664162,
    0.22755397483706474,
    0.22551653906702995,
    0.22787177190184593,
    0.2226456217467785,
    0.5415476486086845,
    1.367243342101574,
    0.4668976962566376,
    2.61016833037138,
    6.332527354359627,
    9.99080690741539
  ],
  "mean_unseen_feature_mse": [
    1.047337781637907,
    2.7842987570911646,
    1.6416802215389907,
    1.4992218278348446,
    2.6006948621943593,
    0.7040677033364773,
    1.2928150370717049,
    4.482862491160631,
    0.9031835868954659,
    2.700657675974071,
    1.8516377788037062,
    1.2983141355216503,
    1.1517696715891361,
    1.7387984246015549,
    0.37159913778305054,
    0.16188160795718431,
    0.15848270058631897,
    0.16059752786532044,
    0.15780834946781397,
    0.36830100044608116,
    0.7753846433479339,
    0.3946489570662379,
    2.966448150575161,
    7.99544570595026,
    13.92145948857069
  ]
}