{
  "num_seen": 3,
  "num_splits": 4,
  "feature_names": [
    "fuel_usage",
    "accelerator_position",
    "throttle_position",
    "inhale_pressure",
    "throttle_position_abs",
    "engine_speed",
    "engine_torque_revised",
    "friction_torque",
    "current_fire_timing",
    "cooling_temperature",
    "engine_idle_slippage",
    "engine_torque",
    "calculation_overhead",
    "engine_torque_min",
    "torque_converter_speed",
    "wheel_velo_frontleft",
    "wheel_velo_backright",
    "wheel_velo_frontright",
    "wheel_velo_backleft",
    "torque_converter_turbin_speed",
    "converter_clutch",
    "car_speed",
    "brake_switch",
    "steering_wheel_acceleration",
    "steering_wheel_angle"
  ],
  "fpr_seen_mean": 0.056061385700258905,
  "fpr_seen_std": 0.08522577119555046,
  "fpr_unseen_mean": 0.046454767657019405,
  "fpr_unseen_std": 0.05909561926913929,
  "human_seen_mean_mse": 7.0674556493759155,
  "nonhuman_seen_mean_mse": 1.9414830803871155,
  "human_unseen_mean_mse": 6.47343647480011,
  "nonhuman_unseen_mean_mse": 2.0446764528751373,
  "human_seen_nonfp_mean_mse": 0.22346678376197815,
  "nonhuman_seen_nonfp_mean_mse": 0.13988223671913147,
  "human_unseen_nonfp_mean_mse": 0.24395617842674255,
  "nonhuman_unseen_nonfp_mean_mse": 0.15875795111060143,
  "human_seen_share_mean": 0.3758929967880249,
  "nonhuman_seen_share_mean": 0.6241068840026855,
  "human_unseen_share_mean": 0.35554495453834534,
  "nonhuman_unseen_share_mean": 0.6444550082087517,
  "human_seen_nonfp_share_mean": 0.24681894108653069,
  "nonhuman_seen_nonfp_share_mean": 0.7531804889440536,
  "human_unseen_nonfp_share_mean": 0.24753085151314735,
  "nonhuman_unseen_nonfp_share_mean": 0.7524678111076355,
  "mean_seen_feature_mse": [
    3.498657464981079,
    8.482426762580872,
    6.779851615428925,
    1.8824748694896698,
    4.219599723815918,
    0.9620583951473236,
    2.8890369832515717,
    4.490343030542135,
    0.7312503159046173,
    1.825730143347755,
    0.9699139334261417,
    2.9199294447898865,
    4.111834824085236,
    2.8965876698493958,
    0.30817170068621635,
    0.057731143198907375,
    0.08537143236026168,
    0.05378918279893696,
    0.09383388143032789,
    0.25346795469522476,
    1.4060120433568954,
    0.3354953653179109,
    1.6087543368339539,
    15.313533931970596,
    2.8651091009378433
  ],
  "mean_unseen_feature_mse": [
    3.575991213321686,
    7.68604701757431,
    6.507133066654205,
    3.1040307581424713,
    3.60262069106102,
    0.9928686022758484,
    3.269814744591713,
    4.223359644412994,
    0.6573759764432907,
    1.697606074041687,
    0.9226226136088371,
    3.2687614262104034,
    4.61963027715683,
    3.05408775806427,
    0.33738382160663605,
    0.043312869034707546,
    0.07334649842232466,
    0.043177090119570494,
    0.07614161679521203,
    0.30261578410863876,
    2.283718705177307,
    0.28260597307235,
    1.54071906208992,
    14.264002352952957,
    2.402977466583252
  ]
}