{
  "num_seen": 3,
  "num_splits": 4,
  "feature_names": [
    "fuel_usage",
    "accelerator_position",
    "throttle_position",
    "inhale_pressure",
    "throttle_position_abs",
    "engine_speed",
    "engine_torque_revised",
    "friction_torque",
    "current_fire_timing",
    "cooling_temperature",
    "engine_idle_slippage",
    "engine_torque",
    "calculation_overhead",
    "engine_torque_min",
    "torque_converter_speed",
    "wheel_velo_frontleft",
    "wheel_velo_backright",
    "wheel_velo_frontright",
    "wheel_velo_backleft",
    "torque_converter_turbin_speed",
    "converter_clutch",
    "car_speed",
    "brake_switch",
    "steering_wheel_acceleration",
    "steering_wheel_angle"
  ],
  "fpr_seen_mean": 0.03422062667530476,
  "fpr_seen_std": 0.045553143703057804,
  "fpr_unseen_mean": 0.03915732101433428,
  "fpr_unseen_std": 0.04348306150214479,
  "human_seen_mean_mse": 6.077716529369354,
  "nonhuman_seen_mean_mse": 2.2450492084026337,
  "human_unseen_mean_mse": 5.105781674385071,
  "nonhuman_unseen_mean_mse": 2.3272085785865784,
  "human_seen_nonfp_mean_mse": 0.25513724237680435,
  "nonhuman_seen_nonfp_mean_mse": 0.1836247332394123,
  "human_unseen_nonfp_mean_mse": 0.25455349683761597,
  "nonhuman_unseen_nonfp_mean_mse": 0.16530205309391022,
  "human_seen_share_mean": 0.3128358945250511,
  "nonhuman_seen_share_mean": 0.6871640235185623,
  "human_unseen_share_mean": 0.2924237623810768,
  "nonhuman_unseen_share_mean": 0.707576222717762,
  "human_seen_nonfp_share_mean": 0.247414268553257,
  "nonhuman_seen_nonfp_share_mean": 0.7525850534439087,
  "human_unseen_nonfp_share_mean": 0.25972001999616623,
  "nonhuman_unseen_nonfp_share_mean": 0.7402789741754532,
  "mean_seen_feature_mse": [
    4.606936901807785,
    8.093961715698242,
    7.777964800596237,
    1.7027024626731873,
    6.812741756439209,
    0.8019435554742813,
    3.4915907979011536,
    2.2116274908185005,
    0.6459854990243912,
    1.2833398836664855,
    2.2931862408295274,
    3.4030840396881104,
    3.852618634700775,
    3.3953194618225098,
    0.6194703243672848,
    0.5424430642742664,
    0.5569772245362401,
    0.44055445585399866,
    0.4672082494944334,
    0.4494016505777836,
    1.601605737581849,
    0.1893332013860345,
    0.9625625908374786,
    12.769555181264877,
    2.484786719083786
  ],
  "mean_unseen_feature_mse": [
    4.641721189022064,
    6.333275198936462,
    7.459275156259537,
    1.913914069533348,
    6.271753251552582,
    0.8432972282171249,
    4.01245391368866,
    2.3541530556976795,
    0.8469393402338028,
    1.5634796742815524,
    2.16581985168159,
    3.812985420227051,
    4.115654110908508,
    3.834853231906891,
    0.5694895014166832,
    0.47652685549110174,
    0.49209299264475703,
    0.4006801526993513,
    0.4122034623287618,
    0.41839751973748207,
    1.9869155399501324,
    0.2787763485684991,
    0.9715351015329361,
    10.94830147922039,
    2.1700153313577175
  ]
}