{
  "num_seen": 3,
  "num_splits": 4,
  "feature_names": [
    "fuel_usage",
    "accelerator_position",
    "throttle_position",
    "inhale_pressure",
    "throttle_position_abs",
    "engine_speed",
    "engine_torque_revised",
    "friction_torque",
    "current_fire_timing",
    "cooling_temperature",
    "engine_idle_slippage",
    "engine_torque",
    "calculation_overhead",
    "engine_torque_min",
    "torque_converter_speed",
    "wheel_velo_frontleft",
    "wheel_velo_backright",
    "wheel_velo_frontright",
    "wheel_velo_backleft",
    "torque_converter_turbin_speed",
    "converter_clutch",
    "car_speed",
    "brake_switch",
    "steering_wheel_acceleration",
    "steering_wheel_angle"
  ],
  "fpr_seen_mean": 0.06899013116357941,
  "fpr_seen_std": 0.0911985723163721,
  "fpr_unseen_mean": 0.11221004597439785,
  "fpr_unseen_std": 0.09260689135833503,
  "human_seen_mean_mse": 0.09106247359886765,
  "nonhuman_seen_mean_mse": 0.1811461658217013,
  "human_unseen_mean_mse": 0.06736745667876676,
  "nonhuman_unseen_mean_mse": 0.16984733899880666,
  "human_seen_nonfp_mean_mse": 9.468118696531747e-05,
  "nonhuman_seen_nonfp_mean_mse": 0.00010903787915594876,
  "human_unseen_nonfp_mean_mse": 0.00013341645899345167,
  "nonhuman_unseen_nonfp_mean_mse": 0.00011262861698924098,
  "human_seen_share_mean": 0.15791501849889755,
  "nonhuman_seen_share_mean": 0.5920847803354263,
  "human_unseen_share_mean": 0.09834105335175991,
  "nonhuman_unseen_share_mean": 0.651658907532692,
  "human_seen_nonfp_share_mean": 0.11996371112763882,
  "nonhuman_seen_nonfp_share_mean": 0.8800298273563385,
  "human_unseen_nonfp_share_mean": 0.12729743123054504,
  "nonhuman_unseen_nonfp_share_mean": 0.8726960271596909,
  "mean_seen_feature_mse": [
    0.28742993995547295,
    0.1328019518405199,
    0.12573881447315216,
    0.15278209836105816,
    0.7584222741425037,
    0.08386843372136354,
    0.19657443440519273,
    0.5084390366391744,
    0.027819410024676472,
    0.46899347308499273,
    0.2549721979885362,
    0.18248954496812075,
    0.04423138918355107,
    0.18187637836672366,
    0.08788323309272528,
    0.0316378821444232,
    0.0787052969681099,
    0.060844274586997926,
    0.055633373151067644,
    0.08622774388641119,
    0.023681433085585013,
    0.10581889891182072,
    0.22764719775295816,
    0.002321173087693751,
    0.0014795887982472777
  ],
  "mean_unseen_feature_mse": [
    0.13881204307836015,
    0.03794386476511136,
    0.06407621572725475,
    0.2713545626247651,
    0.6638853806507541,
    0.051714359724428505,
    0.19098679689341225,
    0.4900828304744209,
    0.01643684225200559,
    0.5431524428640842,
    0.2412757537458674,
    0.17545418422378134,
    0.0993944081274094,
    0.17582880010013469,
    0.056849628446798306,
    0.02914005340426229,
    0.07259577768854797,
    0.053729713181382976,
    0.052605349803343415,
    0.056618234724737704,
    0.032470218458911404,
    0.09033003902004566,
    0.21053735805980978,
    0.003498242236673832,
    0.01749035950342659
  ]
}