{
  "num_seen": 3,
  "num_splits": 4,
  "feature_names": [
    "fuel_usage",
    "accelerator_position",
    "throttle_position",
    "inhale_pressure",
    "throttle_position_abs",
    "engine_speed",
    "engine_torque_revised",
    "friction_torque",
    "current_fire_timing",
    "cooling_temperature",
    "engine_idle_slippage",
    "engine_torque",
    "calculation_overhead",
    "engine_torque_min",
    "torque_converter_speed",
    "wheel_velo_frontleft",
    "wheel_velo_backright",
    "wheel_velo_frontright",
    "wheel_velo_backleft",
    "torque_converter_turbin_speed",
    "converter_clutch",
    "car_speed",
    "brake_switch",
    "steering_wheel_acceleration",
    "steering_wheel_angle"
  ],
  "fpr_seen_mean": 0.06615271075879545,
  "fpr_seen_std": 0.08872503005026533,
  "fpr_unseen_mean": 0.050758975592595415,
  "fpr_unseen_std": 0.058884732617132785,
  "human_seen_mean_mse": 3.6907920241355896,
  "nonhuman_seen_mean_mse": 1.4131632149219513,
  "human_unseen_mean_mse": 3.1178611516952515,
  "nonhuman_unseen_mean_mse": 1.4367129504680634,
  "human_seen_nonfp_mean_mse": 0.5354117527604103,
  "nonhuman_seen_nonfp_mean_mse": 0.4322468563914299,
  "human_unseen_nonfp_mean_mse": 0.580727607011795,
  "nonhuman_unseen_nonfp_mean_mse": 0.428600013256073,
  "human_seen_share_mean": 0.27732328698039055,
  "nonhuman_seen_share_mean": 0.47267669439315796,
  "human_unseen_share_mean": 0.25106390565633774,
  "nonhuman_unseen_share_mean": 0.4989360272884369,
  "human_seen_nonfp_share_mean": 0.1662965565919876,
  "nonhuman_seen_nonfp_share_mean": 0.8337033689022064,
  "human_unseen_nonfp_share_mean": 0.1759878396987915,
  "nonhuman_unseen_nonfp_share_mean": 0.8240121155977249,
  "mean_seen_feature_mse": [
    1.7076618373394012,
    4.345174312591553,
    2.6419250667095184,
    1.9601842612028122,
    3.1521504521369934,
    1.0509400814771652,
    1.321555644273758,
    2.295989453792572,
    0.6024594306945801,
    2.793011766858399,
    2.6757892370224,
    1.342434585094452,
    1.3366303145885468,
    1.0619502663612366,
    0.9353796690702438,
    0.4819718673825264,
    0.47083696722984314,
    0.4758453667163849,
    0.4979250133037567,
    0.9335623383522034,
    1.3973825201392174,
    0.5408405661582947,
    1.7801242768764496,
    4.2868844866752625,
    4.350984871387482
  ],
  "mean_unseen_feature_mse": [
    1.396995633840561,
    3.0403004586696625,
    2.24890398979187,
    1.8827152997255325,
    2.7764198780059814,
    0.8921087235212326,
    1.3400535583496094,
    2.456686098128557,
    0.6053305119276047,
    3.2539247199892998,
    2.7519957050681114,
    1.3560880571603775,
    1.4538963735103607,
    1.1230330020189285,
    0.9208965450525284,
    0.5740308910608292,
    0.5714154541492462,
    0.5761581435799599,
    0.5819378644227982,
    0.9322690963745117,
    1.8043116107583046,
    0.671802707016468,
    1.7763923406600952,
    3.152045875787735,
    4.50270588696003
  ]
}