{
  "num_seen": 3,
  "num_splits": 4,
  "feature_names": [
    "fuel_usage",
    "accelerator_position",
    "throttle_position",
    "inhale_pressure",
    "throttle_position_abs",
    "engine_speed",
    "engine_torque_revised",
    "friction_torque",
    "current_fire_timing",
    "cooling_temperature",
    "engine_idle_slippage",
    "engine_torque",
    "calculation_overhead",
    "engine_torque_min",
    "torque_converter_speed",
    "wheel_velo_frontleft",
    "wheel_velo_backright",
    "wheel_velo_frontright",
    "wheel_velo_backleft",
    "torque_converter_turbin_speed",
    "converter_clutch",
    "car_speed",
    "brake_switch",
    "steering_wheel_acceleration",
    "steering_wheel_angle"
  ],
  "fpr_seen_mean": 0.06887314637816447,
  "fpr_seen_std": 0.09197016814809794,
  "fpr_unseen_mean": 0.04869409792824558,
  "fpr_unseen_std": 0.05863038982678182,
  "human_seen_mean_mse": 4.623982846736908,
  "nonhuman_seen_mean_mse": 1.3555858284235,
  "human_unseen_mean_mse": 6.226105570793152,
  "nonhuman_unseen_mean_mse": 0.9535675477236509,
  "human_seen_nonfp_mean_mse": 0.4113200828433037,
  "nonhuman_seen_nonfp_mean_mse": 0.2847353331744671,
  "human_unseen_nonfp_mean_mse": 0.4753476083278656,
  "nonhuman_unseen_nonfp_mean_mse": 0.2990197129547596,
  "human_seen_share_mean": 0.39667655527591705,
  "nonhuman_seen_share_mean": 0.6033234745264053,
  "human_unseen_share_mean": 0.5964356064796448,
  "nonhuman_unseen_share_mean": 0.40356435254216194,
  "human_seen_nonfp_share_mean": 0.17943986132740974,
  "nonhuman_seen_nonfp_share_mean": 0.8205601423978806,
  "human_unseen_nonfp_share_mean": 0.2030530460178852,
  "nonhuman_unseen_nonfp_share_mean": 0.7969468683004379,
  "mean_seen_feature_mse": [
    2.3964345306158066,
    4.582956433296204,
    3.647786468267441,
    1.0985133051872253,
    3.809965491294861,
    1.1120795607566833,
    1.9207097291946411,
    1.9582757856696844,
    0.9234068691730499,
    0.04268018761649728,
    1.9908605217933655,
    1.8837031722068787,
    2.3789430260658264,
    1.4641943722963333,
    0.43930747732520103,
    0.20356319658458233,
    0.21127250790596008,
    0.20874490030109882,
    0.20232263207435608,
    0.4461684823036194,
    1.6322825998067856,
    0.496087945997715,
    3.480454109609127,
    4.769980692304671,
    5.662540330551565
  ],
  "mean_unseen_feature_mse": [
    1.1912214932963252,
    2.8998751789331436,
    1.813491499517113,
    1.0605419538915157,
    2.574211932718754,
    0.7334477677941322,
    1.1742875017225742,
    2.270866222679615,
    0.6771782040596008,
    0.09039208805188537,
    2.1184051102027297,
    1.134211678057909,
    1.6993307881057262,
    0.9376204237341881,
    0.3300597667694092,
    0.14199784211814404,
    0.14841549564152956,
    0.1470334236510098,
    0.1405316200107336,
    0.34096357598900795,
    0.8958319961093366,
    0.40487705962732434,
    3.7344055250287056,
    7.197560615837574,
    11.07258004695177
  ]
}