{
  "num_seen": 3,
  "num_splits": 4,
  "feature_names": [
    "fuel_usage",
    "accelerator_position",
    "throttle_position",
    "inhale_pressure",
    "throttle_position_abs",
    "engine_speed",
    "engine_torque_revised",
    "friction_torque",
    "current_fire_timing",
    "cooling_temperature",
    "engine_idle_slippage",
    "engine_torque",
    "calculation_overhead",
    "engine_torque_min",
    "torque_converter_speed",
    "wheel_velo_frontleft",
    "wheel_velo_backright",
    "wheel_velo_frontright",
    "wheel_velo_backleft",
    "torque_converter_turbin_speed",
    "converter_clutch",
    "car_speed",
    "brake_switch",
    "steering_wheel_acceleration",
    "steering_wheel_angle"
  ],
  "fpr_seen_mean": 0.06723714627447239,
  "fpr_seen_std": 0.09277588493005476,
  "fpr_unseen_mean": 0.0489909696772307,
  "fpr_unseen_std": 0.06173428593843511,
  "human_seen_mean_mse": 6.791093468666077,
  "nonhuman_seen_mean_mse": 1.1845592632889748,
  "human_unseen_mean_mse": 6.872291445732117,
  "nonhuman_unseen_mean_mse": 1.0797857195138931,
  "human_seen_nonfp_mean_mse": 0.43431563675403595,
  "nonhuman_seen_nonfp_mean_mse": 0.2997155636548996,
  "human_unseen_nonfp_mean_mse": 0.4948325380682945,
  "nonhuman_unseen_nonfp_mean_mse": 0.3116198256611824,
  "human_seen_share_mean": 0.5888921096920967,
  "nonhuman_seen_share_mean": 0.4111079312860966,
  "human_unseen_share_mean": 0.6085586696863174,
  "nonhuman_unseen_share_mean": 0.39144126139581203,
  "human_seen_nonfp_share_mean": 0.17956486344337463,
  "nonhuman_seen_nonfp_share_mean": 0.8204352110624313,
  "human_unseen_nonfp_share_mean": 0.19967807456851006,
  "nonhuman_unseen_nonfp_share_mean": 0.8003219664096832,
  "mean_seen_feature_mse": [
    1.7100347429513931,
    4.818880185484886,
    2.6135639399290085,
    0.6070783957839012,
    2.997520372271538,
    0.957794763147831,
    1.1922266334295273,
    4.558870447799563,
    0.7383469343185425,
    0.2783889379352331,
    2.155161241069436,
    1.1980383098125458,
    1.4614035040140152,
    0.9604055136442184,
    0.6864397935569286,
    0.20218976214528084,
    0.21159617323428392,
    0.20528852101415396,
    0.21329559199512005,
    0.6873309426009655,
    0.7998606264591217,
    0.44090850837528706,
    1.9940133914351463,
    7.773334294557571,
    12.578145921230316
  ],
  "mean_unseen_feature_mse": [
    1.0811593625694513,
    3.7820660434663296,
    1.825560301542282,
    0.6423335503786802,
    2.3077045679092407,
    0.723677009344101,
    1.0668729171156883,
    5.069534849375486,
    0.6924093887209892,
    0.48240354657173157,
    2.2245522029697895,
    1.0777176544070244,
    1.4714624881744385,
    0.9698713719844818,
    0.6103384457528591,
    0.16358820907771587,
    0.16810244601219893,
    0.1635208474472165,
    0.17318963445723057,
    0.6089255549013615,
    0.7738660629838705,
    0.37871077191084623,
    1.9821376949548721,
    7.892041325569153,
    13.832921087741852
  ]
}