{
  "num_seen": 3,
  "num_splits": 4,
  "feature_names": [
    "fuel_usage",
    "accelerator_position",
    "throttle_position",
    "inhale_pressure",
    "throttle_position_abs",
    "engine_speed",
    "engine_torque_revised",
    "friction_torque",
    "current_fire_timing",
    "cooling_temperature",
    "engine_idle_slippage",
    "engine_torque",
    "calculation_overhead",
    "engine_torque_min",
    "torque_converter_speed",
    "wheel_velo_frontleft",
    "wheel_velo_backright",
    "wheel_velo_frontright",
    "wheel_velo_backleft",
    "torque_converter_turbin_speed",
    "converter_clutch",
    "car_speed",
    "brake_switch",
    "steering_wheel_acceleration",
    "steering_wheel_angle"
  ],
  "fpr_seen_mean": 0.01355302719658555,
  "fpr_seen_std": 0.006758620721426678,
  "fpr_unseen_mean": 0.01503025002789721,
  "fpr_unseen_std": 0.00943965838991066,
  "human_seen_mean_mse": 9.041347980499268,
  "nonhuman_seen_mean_mse": 6.522465705871582,
  "human_unseen_mean_mse": 9.237486720085144,
  "nonhuman_unseen_mean_mse": 6.490757584571838,
  "human_seen_nonfp_mean_mse": 1.255196988582611,
  "nonhuman_seen_nonfp_mean_mse": 1.316791594028473,
  "human_unseen_nonfp_mean_mse": 1.3509255051612854,
  "nonhuman_unseen_nonfp_mean_mse": 1.3441529870033264,
  "human_seen_share_mean": 0.1996850837022066,
  "nonhuman_seen_share_mean": 0.8003149181604385,
  "human_unseen_share_mean": 0.2111414037644863,
  "nonhuman_unseen_share_mean": 0.7888585478067398,
  "human_seen_nonfp_share_mean": 0.13870718702673912,
  "nonhuman_seen_nonfp_share_mean": 0.8612928241491318,
  "human_unseen_nonfp_share_mean": 0.15369490534067154,
  "nonhuman_unseen_nonfp_share_mean": 0.8463049679994583,
  "mean_seen_feature_mse": [
    15.207929611206055,
    20.940972328186035,
    21.51279878616333,
    3.215558111667633,
    16.438029527664185,
    9.220410108566284,
    7.313956141471863,
    1.2423047870397568,
    1.5465575158596039,
    0.01439586200285703,
    3.959360897541046,
    7.295047163963318,
    6.367454648017883,
    3.7982177734375,
    6.336170077323914,
    3.9199185371398926,
    3.937652349472046,
    3.953821122646332,
    3.899292230606079,
    6.3352309465408325,
    7.386271595954895,
    4.071405112743378,
    1.5783400237560272,
    10.503050029277802,
    3.143029674887657
  ],
  "mean_unseen_feature_mse": [
    15.250783443450928,
    18.1471848487854,
    19.210941314697266,
    3.4387699961662292,
    14.726423740386963,
    9.785633087158203,
    7.327856183052063,
    1.4066284745931625,
    1.5028396397829056,
    0.01616592425853014,
    4.377821087837219,
    7.329018473625183,
    6.247655510902405,
    4.233935296535492,
    6.636926174163818,
    4.411341547966003,
    4.426495015621185,
    4.446373999118805,
    4.389415621757507,
    6.636389136314392,
    5.969339489936829,
    4.535156726837158,
    1.6587274968624115,
    12.8652668222785,
    4.278768572956324
  ]
}