{
  "num_seen": 3,
  "num_splits": 4,
  "feature_names": [
    "fuel_usage",
    "accelerator_position",
    "throttle_position",
    "inhale_pressure",
    "throttle_position_abs",
    "engine_speed",
    "engine_torque_revised",
    "friction_torque",
    "current_fire_timing",
    "cooling_temperature",
    "engine_idle_slippage",
    "engine_torque",
    "calculation_overhead",
    "engine_torque_min",
    "torque_converter_speed",
    "wheel_velo_frontleft",
    "wheel_velo_backright",
    "wheel_velo_frontright",
    "wheel_velo_backleft",
    "torque_converter_turbin_speed",
    "converter_clutch",
    "car_speed",
    "brake_switch",
    "steering_wheel_acceleration",
    "steering_wheel_angle"
  ],
  "fpr_seen_mean": 0.07066619062026386,
  "fpr_seen_std": 0.08458407692691737,
  "fpr_unseen_mean": 0.053329650424258905,
  "fpr_unseen_std": 0.05606145827860744,
  "human_seen_mean_mse": 6.605137228965759,
  "nonhuman_seen_mean_mse": 0.7253307178616524,
  "human_unseen_mean_mse": 6.8993343114852905,
  "nonhuman_unseen_mean_mse": 0.7097253873944283,
  "human_seen_nonfp_mean_mse": 0.4077988713979721,
  "nonhuman_seen_nonfp_mean_mse": 0.28551632910966873,
  "human_unseen_nonfp_mean_mse": 0.46890032291412354,
  "nonhuman_unseen_nonfp_mean_mse": 0.2899017408490181,
  "human_seen_share_mean": 0.6723360270261765,
  "nonhuman_seen_share_mean": 0.3276640214025974,
  "human_unseen_share_mean": 0.6918876692652702,
  "nonhuman_unseen_share_mean": 0.30811236798763275,
  "human_seen_nonfp_share_mean": 0.17764025181531906,
  "nonhuman_seen_nonfp_share_mean": 0.8223599344491959,
  "human_unseen_nonfp_share_mean": 0.2008010931313038,
  "nonhuman_unseen_nonfp_share_mean": 0.7991985082626343,
  "mean_seen_feature_mse": [
    0.807521216571331,
    3.380509175360203,
    1.445774756371975,
    0.5827800370752811,
    1.7188711687922478,
    0.4778858348727226,
    0.6954116001725197,
    1.2566802762448788,
    0.5630754977464676,
    0.20541221275925636,
    2.0296401418745518,
    0.6967339888215065,
    1.674731969833374,
    0.6556555703282356,
    0.46886562183499336,
    0.11082644574344158,
    0.11228686757385731,
    0.11160960234701633,
    0.11149161122739315,
    0.4687628746032715,
    0.635713454335928,
    0.4022138360887766,
    2.3630368262529373,
    9.020166099071503,
    11.656837105751038
  ],
  "mean_unseen_feature_mse": [
    0.6074365749955177,
    2.8046488743275404,
    1.2755675986409187,
    0.6758425384759903,
    1.5695460513234138,
    0.4265708029270172,
    0.6300942562520504,
    1.321770191192627,
    0.5837435647845268,
    0.2334172185510397,
    2.0864185858517885,
    0.6313043013215065,
    1.9097481444478035,
    0.6055483371019363,
    0.45018400251865387,
    0.09546749666333199,
    0.09737498313188553,
    0.09702510666102171,
    0.09555668849498034,
    0.4501177817583084,
    0.7110725417733192,
    0.3504263684153557,
    2.474473997950554,
    10.040986940264702,
    12.2772276699543
  ]
}