model,quantile,threshold,fpr_val,fpr_test,n_val,n_test
gated,0.95,-2.017171859741211,0.05000166870000853,0.025646748126243745,539342,537690
gated,0.99,-1.009224534034729,0.01000107538444994,0.001612453272331641,539342,537690
gated,0.999,-0.02758914604783058,0.0010012200051173468,0.00031058788521266903,539342,537690
gaussian,0.95,-1.0992629528045654,0.05000166870000853,0.035607878145399764,539342,537690
gaussian,0.99,19.080842971801758,0.01000107538444994,0.012732243486023545,539342,537690
gaussian,0.999,43.60335922241211,0.0010012200051173468,0.0036377838531495843,539342,537690
mse,0.95,0.0048543717712163925,0.05000166870000853,0.05674459260912422,539342,537690
mse,0.99,0.040434595197439194,0.01000107538444994,0.011173724636872547,539342,537690
mse,0.999,0.38247787952423096,0.0010012200051173468,0.0014115940411761423,539342,537690
