{
  "quantiles": [
    0.95,
    0.99,
    0.999
  ],
  "n_val": 539342,
  "n_test": 537690,
  "models": {
    "gated": {
      "thresholds": [
        -2.017171859741211,
        -1.009224534034729,
        -0.02758914604783058
      ],
      "fpr_val": [
        0.05000166870000853,
        0.01000107538444994,
        0.0010012200051173468
      ],
      "fpr_test": [
        0.025646748126243745,
        0.001612453272331641,
        0.00031058788521266903
      ]
    },
    "gaussian": {
      "thresholds": [
        -1.0992629528045654,
        19.080842971801758,
        43.60335922241211
      ],
      "fpr_val": [
        0.05000166870000853,
        0.01000107538444994,
        0.0010012200051173468
      ],
      "fpr_test": [
        0.035607878145399764,
        0.012732243486023545,
        0.0036377838531495843
      ]
    },
    "mse": {
      "thresholds": [
        0.0048543717712163925,
        0.040434595197439194,
        0.38247787952423096
      ],
      "fpr_val": [
        0.05000166870000853,
        0.01000107538444994,
        0.0010012200051173468
      ],
      "fpr_test": [
        0.05674459260912422,
        0.011173724636872547,
        0.0014115940411761423
      ]
    }
  }
}