model,n_splits,best_threshold,best_threshold_std,best_f1,best_f1_std,precision_best,precision_best_std,recall_best,recall_best_std,adj_f1_best,adj_f1_best_std,adj_precision_best,adj_precision_best_std,adj_recall_best,adj_recall_best_std,auroc,auroc_std,pr_auc,pr_auc_std
gated,4,0.30927044967455525,0.291424444476899,0.1090399767264265,0.04449757030248296,0.08602716253377743,0.049321508625811215,0.4333333333318889,0.16251053806115925,0.3147552705947258,0.10225726485844164,0.2143209212501256,0.08142234716151539,0.9642857142825001,0.07142857142833332,0.7449848580671757,0.03809516587437178,0.055492786233321,0.026708701498108015
gaussian,4,2.830912234527724,1.9929014671128626,0.16217261918355996,0.06372218907364915,0.17199235483002978,0.10632523698853186,0.3304761904750889,0.06027901866054824,0.4816614424997699,0.07878198565399581,0.36904149549740917,0.08817508020017842,0.9642857142825001,0.07142857142833332,0.7989816496747466,0.030044081778428645,0.10411195976814638,0.06503999319280804
mse,4,0.4861338822071307,0.2083370671669461,0.07150143474180345,0.005617773954316941,0.04655429433807583,0.004494636264542485,0.4345238095223612,0.12149080260274679,0.26790758650010116,0.047784355588006484,0.1757155386750219,0.03528147337678738,0.9999999999966668,6.409875621278546e-17,0.7085166466816724,0.03864263649769708,0.035569360475972187,0.004645359677707464
