{
  "quantiles": [
    0.95,
    0.97,
    0.99,
    0.999
  ],
  "n_val": 16244,
  "n_test": 15140,
  "fixed_gate_alphas": [
    0.3,
    0.5,
    0.7
  ],
  "models": {
    "gated": {
      "0.3": {
        "thresholds": [
          0.20983844995498657,
          0.33817481994628906,
          0.620367705821991,
          1.1331712007522583
        ],
        "fpr_val": [
          0.05004924895345974,
          0.030041861610440777,
          0.010034474267421817,
          0.0010465402610194533
        ],
        "fpr_test": [
          0.0178335535006605,
          0.010568031704095112,
          0.003236459709379128,
          0.0005944517833553501
        ]
      },
      "0.5": {
        "thresholds": [
          0.3170679807662964,
          0.43272820115089417,
          0.6776976585388184,
          1.1444337368011475
        ],
        "fpr_val": [
          0.05004924895345974,
          0.030041861610440777,
          0.010034474267421817,
          0.0010465402610194533
        ],
        "fpr_test": [
          0.015059445178335535,
          0.008520475561426684,
          0.0028401585204755613,
          0.0005944517833553501
        ]
      },
      "0.7": {
        "thresholds": [
          0.5276259183883667,
          0.6338900923728943,
          0.8602914214134216,
          1.3261231184005737
        ],
        "fpr_val": [
          0.05004924895345974,
          0.030041861610440777,
          0.010034474267421817,
          0.0010465402610194533
        ],
        "fpr_test": [
          0.012549537648612946,
          0.006935270805812417,
          0.0017833553500660503,
          0.0005944517833553501
        ]
      }
    }
  }
}