quantile,model,mean_fpr,std_fpr,gain_vs_gated
0.99,gated,0.013915432221513317,0.006427720090816776,1.0
0.99,gaussian,0.03461084084540633,0.058124212840061126,2.487227151442542
0.99,mse,0.021685374169501,0.014269167536200786,1.558368710673271
0.999,gated,0.0014138936765536198,0.0007350822533944518,1.0
0.999,gaussian,0.01833299488342195,0.03324994718991942,12.9663178974736
0.999,mse,0.004133653220089505,0.0028153710035287833,2.9235955211040525
