{
  "feature_names": [
    "Engine Coolant Temperature [\u00b0C]",
    "Intake Manifold Absolute Pressure [kPa]",
    "Engine RPM [RPM]",
    "Vehicle Speed Sensor [km/h]",
    "Intake Air Temperature [\u00b0C]",
    "Air Flow Rate from Mass Flow Sensor [g/s]",
    "Absolute Throttle Position [%]",
    "Ambient Air Temperature [\u00b0C]",
    "Accelerator Pedal Position D [%]",
    "Accelerator Pedal Position E [%]"
  ],
  "mean_alpha": [
    0.0046903216280043125,
    0.0035577001981437206,
    0.004012575838714838,
    0.003032899694517255,
    0.0034735696390271187,
    0.004438010510057211,
    0.00926291849464178,
    0.00534825399518013,
    0.04375993832945824,
    0.004374562297016382
  ],
  "alpha_p10": [
    0.003806020598858595,
    0.002338015241548419,
    0.00215082592330873,
    0.0024028364568948746,
    0.0032256185077130795,
    0.0022405097261071205,
    0.004143439698964357,
    0.005326414480805397,
    0.002155449939891696,
    0.0037599743809551
  ],
  "alpha_p50": [
    0.004800214432179928,
    0.003165242727845907,
    0.0027834312058985233,
    0.003045316319912672,
    0.0033798047807067633,
    0.0033991578966379166,
    0.004746505990624428,
    0.005347638390958309,
    0.022697515785694122,
    0.004266226664185524
  ],
  "alpha_p90": [
    0.005117917899042368,
    0.005093454383313656,
    0.006266824901103973,
    0.0034387814812362194,
    0.003711808007210493,
    0.007013539783656597,
    0.00992815475910902,
    0.005366727244108915,
    0.08737963438034058,
    0.005009504500776529
  ],
  "mean_forecast_nll": [
    -2.5965094566345215,
    -2.8960962295532227,
    -2.786736488342285,
    -3.0472192764282227,
    -3.366367816925049,
    -2.824976921081543,
    -5.614785194396973,
    -3.2539315223693848,
    -3.046445369720459,
    -3.699422597885132
  ],
  "mean_marginal_surprise": [
    2.889965534210205,
    0.937808096408844,
    1.3104099035263062,
    1.3118884563446045,
    1.1365838050842285,
    1.146386981010437,
    -2.3056790828704834,
    1.620884895324707,
    -0.36382678151130676,
    1.073581337928772
  ],
  "mean_combined_score": [
    -2.6086881160736084,
    -2.8997457027435303,
    -2.796602249145508,
    -3.0529701709747314,
    -3.365496873855591,
    -2.835775375366211,
    -5.691462516784668,
    -3.2637946605682373,
    -3.129951238632202,
    -3.8013057708740234
  ]
}