{
  "quantiles": [
    0.95,
    0.99,
    0.999
  ],
  "n_val": 16244,
  "n_test": 15140,
  "models": {
    "gated": {
      "thresholds": [
        0.14124371111392975,
        0.7901136875152588,
        1.822101354598999
      ],
      "fpr_val": [
        0.05004924895345974,
        0.010034474267421817,
        0.0010465402610194533
      ],
      "fpr_test": [
        0.02080581241743725,
        0.0047556142668428005,
        0.0006605019815059445
      ]
    },
    "gaussian": {
      "thresholds": [
        0.5528281331062317,
        3.6022889614105225,
        26.296100616455078
      ],
      "fpr_val": [
        0.05004924895345974,
        0.010034474267421817,
        0.0010465402610194533
      ],
      "fpr_test": [
        0.023117569352708058,
        0.004095112285336856,
        0.000726552179656539
      ]
    },
    "mse": {
      "thresholds": [
        0.6620601415634155,
        1.4719562530517578,
        3.4348912239074707
      ],
      "fpr_val": [
        0.05004924895345974,
        0.010034474267421817,
        0.0010465402610194533
      ],
      "fpr_test": [
        0.02239101717305152,
        0.006208718626155878,
        0.0011228533685601057
      ]
    }
  }
}