{
  "feature_names": [
    "Engine Coolant Temperature [\u00b0C]",
    "Intake Manifold Absolute Pressure [kPa]",
    "Engine RPM [RPM]",
    "Vehicle Speed Sensor [km/h]",
    "Intake Air Temperature [\u00b0C]",
    "Air Flow Rate from Mass Flow Sensor [g/s]",
    "Absolute Throttle Position [%]",
    "Ambient Air Temperature [\u00b0C]",
    "Accelerator Pedal Position D [%]",
    "Accelerator Pedal Position E [%]"
  ],
  "mean_alpha": [
    0.004275307059288025,
    0.0035848221741616726,
    0.0038312720134854317,
    0.0029856048058718443,
    0.0031697482336312532,
    0.004428176209330559,
    0.00946467462927103,
    0.005705840419977903,
    0.040254946798086166,
    0.00410465756431222
  ],
  "alpha_p10": [
    0.0032013878226280212,
    0.0022627783473581076,
    0.0019829676020890474,
    0.002875468460842967,
    0.0028556669130921364,
    0.0022051900159567595,
    0.004348372109234333,
    0.005602668505162001,
    0.0012826406164094806,
    0.0027655980084091425
  ],
  "alpha_p50": [
    0.004072497598826885,
    0.003108784556388855,
    0.0025197253562510014,
    0.002970651723444462,
    0.003044302575290203,
    0.003076607594266534,
    0.0047214883379638195,
    0.005721232853829861,
    0.002633508760482073,
    0.0031137457117438316
  ],
  "alpha_p90": [
    0.005577811039984226,
    0.0057387156412005424,
    0.005938439164310694,
    0.0031465766951441765,
    0.0035606021992862225,
    0.00796983577311039,
    0.009124841541051865,
    0.005791034549474716,
    0.09469994157552719,
    0.006192484870553017
  ],
  "mean_forecast_nll": [
    -4.027142524719238,
    -2.915942668914795,
    -3.3076517581939697,
    -3.474552631378174,
    -3.661405324935913,
    -3.1364481449127197,
    -6.1561665534973145,
    -3.4945168495178223,
    -4.522027969360352,
    -4.5525288581848145
  ],
  "mean_marginal_surprise": [
    0.7470533847808838,
    1.2404758930206299,
    1.237627625465393,
    1.2528233528137207,
    0.699013352394104,
    1.1392772197723389,
    -2.393547296524048,
    1.7050132751464844,
    -1.4252508878707886,
    -0.8308369517326355
  ],
  "mean_combined_score": [
    -4.0501790046691895,
    -3.0150575637817383,
    -3.325223445892334,
    -3.472666025161743,
    -3.6598100662231445,
    -3.185764789581299,
    -6.225534439086914,
    -3.5538330078125,
    -4.583114147186279,
    -4.730157375335693
  ]
}