{
  "feature_names": [
    "fuel_usage",
    "accelerator_position",
    "throttle_position",
    "inhale_pressure",
    "throttle_position_abs",
    "engine_speed",
    "engine_torque_revised",
    "friction_torque",
    "current_fire_timing",
    "cooling_temperature",
    "engine_idle_slippage",
    "engine_torque",
    "calculation_overhead",
    "engine_torque_min",
    "torque_converter_speed",
    "wheel_velo_frontleft",
    "wheel_velo_backright",
    "wheel_velo_frontright",
    "wheel_velo_backleft",
    "torque_converter_turbin_speed",
    "converter_clutch",
    "car_speed",
    "brake_switch",
    "steering_wheel_acceleration",
    "steering_wheel_angle"
  ],
  "mean_alpha": [
    0.11055561155080795,
    0.5294161438941956,
    0.1947454810142517,
    0.08629574626684189,
    0.06887215375900269,
    0.07687368988990784,
    0.07965566217899323,
    0.0529092401266098,
    0.08413778245449066,
    0.05725816264748573,
    0.05509604513645172,
    0.09547868371009827,
    0.10418050736188889,
    0.07129859924316406,
    0.05622782185673714,
    0.05293396860361099,
    0.052656520158052444,
    0.05262341350317001,
    0.05293827876448631,
    0.08725181221961975,
    0.9164772629737854,
    0.05769681930541992,
    0.1318029910326004,
    0.8399910926818848,
    0.3562232553958893
  ],
  "alpha_p10": [
    0.050440799444913864,
    0.3812001645565033,
    0.04698031023144722,
    0.032140541821718216,
    0.033795349299907684,
    0.02504662424325943,
    0.04005934298038483,
    0.033546023070812225,
    0.04396985098719597,
    0.054146721959114075,
    0.040053922683000565,
    0.03597874194383621,
    0.030807144939899445,
    0.011152858845889568,
    0.04433831945061684,
    0.041592225432395935,
    0.05200877785682678,
    0.039753399789333344,
    0.04886286333203316,
    0.013262510299682617,
    0.8216490149497986,
    0.03220328316092491,
    0.07344311475753784,
    0.7661622166633606,
    0.3052387833595276
  ],
  "alpha_p50": [
    0.08598688989877701,
    0.5798352956771851,
    0.10917498171329498,
    0.0686124786734581,
    0.04958002269268036,
    0.07216756045818329,
    0.0640081912279129,
    0.05210568755865097,
    0.08231155574321747,
    0.05636836215853691,
    0.057385653257369995,
    0.06809312850236893,
    0.07882669568061829,
    0.04640316590666771,
    0.05798318237066269,
    0.056813113391399384,
    0.05288371443748474,
    0.05693299323320389,
    0.054308824241161346,
    0.03847759962081909,
    0.9482005834579468,
    0.06546981632709503,
    0.11064603924751282,
    0.8388973474502563,
    0.3408634662628174
  ],
  "alpha_p90": [
    0.18643632531166077,
    0.6612342000007629,
    0.39897727966308594,
    0.14971818029880524,
    0.11801660060882568,
    0.13144099712371826,
    0.1265692412853241,
    0.07499159872531891,
    0.12116534262895584,
    0.05964316055178642,
    0.06878633052110672,
    0.1693824827671051,
    0.19077245891094208,
    0.162752166390419,
    0.06722081452608109,
    0.06062941253185272,
    0.05309604853391647,
    0.06166672706604004,
    0.055688854306936264,
    0.22333580255508423,
    0.9644196629524231,
    0.07742707431316376,
    0.21904341876506805,
    0.9291467070579529,
    0.43673980236053467
  ],
  "mean_forecast_nll": [
    -0.34730568528175354,
    -0.5414723753929138,
    -0.49423256516456604,
    -0.3371163606643677,
    -0.685455322265625,
    -0.44462549686431885,
    -0.13810789585113525,
    -0.5226110219955444,
    0.5403015613555908,
    -1.670912742614746,
    -0.7580302953720093,
    -0.11963123083114624,
    -0.06774535030126572,
    0.10534370690584183,
    -0.6925091743469238,
    -1.6769753694534302,
    -1.67976713180542,
    -1.598996639251709,
    -1.6723527908325195,
    -0.7109822034835815,
    -0.11398619413375854,
    -1.45611572265625,
    0.4276467263698578,
    -0.08886490762233734,
    -0.1953677386045456
  ],
  "mean_marginal_surprise": [
    0.47333231568336487,
    -0.8688827753067017,
    0.42223671078681946,
    1.1594043970108032,
    1.1403204202651978,
    0.8045578598976135,
    1.030662178993225,
    0.9148552417755127,
    1.2828431129455566,
    -0.24442684650421143,
    1.2161760330200195,
    0.9424254894256592,
    1.1852068901062012,
    1.2413848638534546,
    1.366243600845337,
    1.3773101568222046,
    0.7312036752700806,
    1.3629426956176758,
    1.2062770128250122,
    1.3420060873031616,
    -2.0387868881225586,
    1.3473759889602661,
    1.2248071432113647,
    -1.3289910554885864,
    -0.4558348059654236
  ],
  "mean_combined_score": [
    -0.4315715432167053,
    -1.0326534509658813,
    -0.6041746735572815,
    -0.33541056513786316,
    -0.6965184211730957,
    -0.5569190979003906,
    -0.17247268557548523,
    -0.5000485181808472,
    0.5463176369667053,
    -1.6368564367294312,
    -0.7459530830383301,
    -0.15265391767024994,
    -0.0653872936964035,
    0.13402457535266876,
    -1.0166218280792236,
    -1.9902958869934082,
    -1.9790279865264893,
    -1.9796260595321655,
    -1.996983289718628,
    -0.9812989830970764,
    -2.068068265914917,
    -1.7252191305160522,
    0.3872957229614258,
    -1.375535249710083,
    -0.45556995272636414
  ]
}