{
  "quantiles": [
    0.99,
    0.999
  ],
  "n_val": 16164,
  "n_test": 9632,
  "models": {
    "gated": {
      "thresholds": [
        1.4377444982528687,
        2.469985008239746
      ],
      "fpr_val": [
        0.01002227171492205,
        0.0010517198713189805
      ],
      "fpr_test": [
        0.01567691029900332,
        0.0012458471760797341
      ]
    },
    "gaussian": {
      "thresholds": [
        13.764225006103516,
        43.56051254272461
      ],
      "fpr_val": [
        0.01002227171492205,
        0.0010517198713189805
      ],
      "fpr_test": [
        0.002180232558139535,
        0.0009343853820598007
      ]
    },
    "mse": {
      "thresholds": [
        1.7944804430007935,
        3.478023052215576
      ],
      "fpr_val": [
        0.01002227171492205,
        0.0010517198713189805
      ],
      "fpr_test": [
        0.021906146179401995,
        0.004671926910299004
      ]
    }
  }
}