model,quantile,threshold,fpr_val,fpr_test,n_val,n_test
gated,0.99,1.4377444982528687,0.01002227171492205,0.01567691029900332,16164,9632
gated,0.999,2.469985008239746,0.0010517198713189805,0.0012458471760797341,16164,9632
gaussian,0.99,13.764225006103516,0.01002227171492205,0.002180232558139535,16164,9632
gaussian,0.999,43.56051254272461,0.0010517198713189805,0.0009343853820598007,16164,9632
mse,0.99,1.7944804430007935,0.01002227171492205,0.021906146179401995,16164,9632
mse,0.999,3.478023052215576,0.0010517198713189805,0.004671926910299004,16164,9632
