split_id,model,best_f1_mean,best_f1_std,precision_best_mean,precision_best_std,recall_best_mean,recall_best_std,adj_f1_best_mean,adj_f1_best_std,adj_precision_best_mean,adj_precision_best_std,adj_recall_best_mean,adj_recall_best_std,auroc_mean,auroc_std,pr_auc_mean,pr_auc_std,n_files
2,gated,0.08453615505673061,0.06985035596822185,0.07053551171055072,0.06743445536571128,0.2956989247302289,0.30906208632137006,0.3402456659080465,0.29749604893617954,0.24450038861480106,0.23531269997257945,0.8333333333306452,0.3834824944224482,0.8929263678209622,0.15959701603778473,0.047343454743334144,0.039244156349241756,18
2,gaussian,0.045680142711233315,0.04116401776233363,0.027165459684247932,0.0260676979323762,0.2741935483862123,0.3010357342787616,0.14623861576200226,0.1705881709919287,0.08899135254207682,0.11705901935616614,0.6666666666645162,0.4850712500711012,0.8894277317826736,0.15637063118960168,0.02415460697644405,0.01414315828875946,18
2,mse,0.037254074777349426,0.025748238177525067,0.02815023278645364,0.022896582363779828,0.15053763440811654,0.21709969237066326,0.3342702221975749,0.25152266756177566,0.228714632249069,0.19879068723817617,0.8888888888860216,0.32338083338073415,0.884899882154953,0.13719596311530666,0.018571700440313994,0.01328102649311855,18
