{
  "feature_names": [
    "Engine Coolant Temperature [\u00b0C]",
    "Intake Manifold Absolute Pressure [kPa]",
    "Engine RPM [RPM]",
    "Vehicle Speed Sensor [km/h]",
    "Intake Air Temperature [\u00b0C]",
    "Air Flow Rate from Mass Flow Sensor [g/s]",
    "Absolute Throttle Position [%]",
    "Ambient Air Temperature [\u00b0C]",
    "Accelerator Pedal Position D [%]",
    "Accelerator Pedal Position E [%]"
  ],
  "mean_alpha": [
    0.004523028619587421,
    0.003750863019376993,
    0.004638900980353355,
    0.0028891407418996096,
    0.0034804856404662132,
    0.003782205982133746,
    0.02607198804616928,
    0.005206471309065819,
    0.08780168741941452,
    0.005251985043287277
  ],
  "alpha_p10": [
    0.0036337070632725954,
    0.002264556707814336,
    0.0024054127279669046,
    0.0022792501840740442,
    0.0033226816449314356,
    0.002051624469459057,
    0.005482759326696396,
    0.0051506282761693,
    0.004672392271459103,
    0.0038336000870913267
  ],
  "alpha_p50": [
    0.004688674584031105,
    0.0029317426960915327,
    0.003286700928583741,
    0.0028489050455391407,
    0.003400691319257021,
    0.0027353325858712196,
    0.007074902765452862,
    0.005215983837842941,
    0.04988383874297142,
    0.0054601505398750305
  ],
  "alpha_p90": [
    0.0051797740161418915,
    0.006073480471968651,
    0.006995088420808315,
    0.0034249890595674515,
    0.003759832354262471,
    0.0061812628991901875,
    0.03568718954920769,
    0.005238371901214123,
    0.19681565463542938,
    0.006571433041244745
  ],
  "mean_forecast_nll": [
    -3.244830846786499,
    -2.7024481296539307,
    -2.7630302906036377,
    -3.292733669281006,
    -2.933640718460083,
    -3.0196917057037354,
    -4.954159259796143,
    -3.4512627124786377,
    -2.958793878555298,
    -3.515040874481201
  ],
  "mean_marginal_surprise": [
    1.6411770582199097,
    0.5861479043960571,
    1.568121314048767,
    1.1000001430511475,
    1.6005102396011353,
    1.047806978225708,
    -1.259636402130127,
    1.1218452453613281,
    -0.6780074834823608,
    -0.4427887797355652
  ],
  "mean_combined_score": [
    -3.2573766708374023,
    -2.779111623764038,
    -2.805417537689209,
    -3.2916204929351807,
    -2.934999465942383,
    -3.0628502368927,
    -5.28140926361084,
    -3.533674955368042,
    -3.047499656677246,
    -3.6768484115600586
  ]
}