{
  "quantiles": [
    0.95,
    0.97,
    0.99,
    0.999
  ],
  "n_val": 14572,
  "n_test": 20732,
  "fixed_gate_alphas": [
    0.3,
    0.5,
    0.7
  ],
  "models": {
    "gated": {
      "0.3": {
        "thresholds": [
          0.27827349305152893,
          0.5482093691825867,
          1.9125770330429077,
          4.4223833084106445
        ],
        "fpr_val": [
          0.05002744990392534,
          0.030057644798243206,
          0.010019214932747735,
          0.0010293713972001099
        ],
        "fpr_test": [
          0.01659270692649045,
          0.0059810920316419065,
          0.00024117306579201234,
          0.0001447038394752074
        ]
      },
      "0.5": {
        "thresholds": [
          0.37348267436027527,
          0.5955075621604919,
          2.009490489959717,
          4.464553356170654
        ],
        "fpr_val": [
          0.05002744990392534,
          0.030057644798243206,
          0.010019214932747735,
          0.0010293713972001099
        ],
        "fpr_test": [
          0.012637468647501447,
          0.005305807447424271,
          0.0002894076789504148,
          0.0001447038394752074
        ]
      },
      "0.7": {
        "thresholds": [
          0.5502235889434814,
          0.7682610154151917,
          2.206820011138916,
          4.608057975769043
        ],
        "fpr_val": [
          0.05002744990392534,
          0.030057644798243206,
          0.010019214932747735,
          0.0010293713972001099
        ],
        "fpr_test": [
          0.010273972602739725,
          0.004244645957939417,
          0.0002894076789504148,
          0.0001447038394752074
        ]
      }
    }
  }
}