{
  "feature_names": [
    "Fuel_consumption",
    "Accelerator_Pedal_value",
    "Intake_air_pressure",
    "Absolute_throttle_position",
    "Engine_speed",
    "Torque_of_friction",
    "Flywheel_torque_(after_torque_interventions)",
    "Engine_Idel_Target_Speed",
    "Engine_torque",
    "Calculated_LOAD_value",
    "Minimum_indicated_engine_torque",
    "Maximum_indicated_engine_torque",
    "Flywheel_torque",
    "Torque_converter_speed",
    "Current_Gear",
    "Wheel_velocity_front_left-hand",
    "Wheel_velocity_rear_right-hand",
    "Wheel_velocity_front_right-hand",
    "Wheel_velocity_rear_left-hand",
    "Torque_converter_turbine_speed_-_Unfiltered",
    "Clutch_operation_acknowledge",
    "Converter_clutch",
    "Vehicle_speed",
    "Acceleration_speed_-_Longitudinal",
    "Indication_of_brake_switch_ON/OFF",
    "Master_cylinder_pressure",
    "Calculated_road_gradient",
    "Acceleration_speed_-_Lateral",
    "Steering_wheel_speed",
    "Steering_wheel_angle"
  ],
  "mean_alpha": [
    0.012019425630569458,
    0.22937583923339844,
    0.013989396393299103,
    0.01687082089483738,
    0.008157781325280666,
    0.0062651727348566055,
    0.046381961554288864,
    0.005707040894776583,
    0.013675203546881676,
    0.015113801695406437,
    0.16237246990203857,
    0.005507823079824448,
    0.044273968786001205,
    0.008284022100269794,
    0.00974185112863779,
    0.0057426439598202705,
    0.005525016225874424,
    0.005434745457023382,
    0.005742721725255251,
    0.008370908908545971,
    0.6257448792457581,
    0.3799804449081421,
    0.005459095351397991,
    0.01335815154016018,
    0.06307316571474075,
    0.217529296875,
    0.2234383076429367,
    0.017039187252521515,
    0.22616581618785858,
    0.03663782775402069
  ],
  "alpha_p10": [
    0.009957684203982353,
    0.16829779744148254,
    0.004456557333469391,
    0.009618080221116543,
    0.00624091224744916,
    0.005452505778521299,
    0.00757317990064621,
    0.005463233683258295,
    0.0054384698159992695,
    0.004383028019219637,
    0.000476683460874483,
    0.0045731812715530396,
    0.007407222408801317,
    0.005138693377375603,
    0.004995744209736586,
    0.005695762112736702,
    0.005259225144982338,
    0.005132138729095459,
    0.005674485117197037,
    0.005222727544605732,
    0.00039092585211619735,
    0.001999604282900691,
    0.004589766729623079,
    0.007369969505816698,
    0.005372590851038694,
    0.19622556865215302,
    0.002414240501821041,
    0.004071205388754606,
    0.11278077214956284,
    0.020458348095417023
  ],
  "alpha_p50": [
    0.012466322630643845,
    0.22672638297080994,
    0.014269618317484856,
    0.0162806436419487,
    0.008052058517932892,
    0.006123873870819807,
    0.05194355547428131,
    0.00571820791810751,
    0.015354270115494728,
    0.015784865245223045,
    0.1283203661441803,
    0.005415573716163635,
    0.04942662641406059,
    0.007485867012292147,
    0.00834574457257986,
    0.005728987976908684,
    0.00556386262178421,
    0.005478882230818272,
    0.0057517606765031815,
    0.007603422272950411,
    0.9284200668334961,
    0.5293680429458618,
    0.005555035546422005,
    0.012957444414496422,
    0.0414888933300972,
    0.21917200088500977,
    0.02022451162338257,
    0.014666317030787468,
    0.18562708795070648,
    0.02784573659300804
  ],
  "alpha_p90": [
    0.013478348031640053,
    0.290947288274765,
    0.021794285625219345,
    0.024455830454826355,
    0.009880750440061092,
    0.007264813408255577,
    0.07949211448431015,
    0.00590780284255743,
    0.019499311223626137,
    0.02575833909213543,
    0.462297260761261,
    0.00650737015530467,
    0.07593722641468048,
    0.012380862608551979,
    0.015341279096901417,
    0.005844729486852884,
    0.0056261420249938965,
    0.005550729110836983,
    0.005773288197815418,
    0.012429623864591122,
    0.9985613226890564,
    0.7016468644142151,
    0.0058616348542273045,
    0.020315663889050484,
    0.1512604057788849,
    0.23637984693050385,
    0.9493305683135986,
    0.030620671808719635,
    0.4074851870536804,
    0.061666879802942276
  ],
  "mean_forecast_nll": [
    0.11216533929109573,
    1.6573742628097534,
    -0.27097609639167786,
    -0.9209367632865906,
    -0.7332251667976379,
    -0.16813941299915314,
    0.45565250515937805,
    -1.2276405096054077,
    -0.04741392284631729,
    -0.03145091235637665,
    3.198770523071289,
    -0.5496258735656738,
    0.44348645210266113,
    -1.1871676445007324,
    -1.3888152837753296,
    -2.5141823291778564,
    -2.5606689453125,
    -2.487168788909912,
    -2.511868953704834,
    -1.193006157875061,
    9.270042419433594,
    -0.9264670610427856,
    -2.295769691467285,
    0.5442577004432678,
    0.24950283765792847,
    -1.235541820526123,
    -0.034997984766960144,
    0.5156230330467224,
    -0.37188056111335754,
    -0.7638301253318787
  ],
  "mean_marginal_surprise": [
    0.9684836864471436,
    -0.21426989138126373,
    1.446467638015747,
    0.06572766602039337,
    1.111159086227417,
    1.2228713035583496,
    1.2214728593826294,
    0.8822051286697388,
    1.3697415590286255,
    1.332631230354309,
    0.2795000374317169,
    0.9992938041687012,
    1.2527875900268555,
    1.1865366697311401,
    1.2669730186462402,
    1.1282024383544922,
    1.3997023105621338,
    1.2629058361053467,
    1.268721342086792,
    1.093684434890747,
    -1.293666124343872,
    -0.19041094183921814,
    1.2622133493423462,
    1.24171781539917,
    1.3289467096328735,
    -0.9660718441009521,
    0.7643211483955383,
    1.1267184019088745,
    -0.40069127082824707,
    -0.17057310044765472
  ],
  "mean_combined_score": [
    -0.4176251292228699,
    -0.8062700033187866,
    -0.32861045002937317,
    -0.9926336407661438,
    -0.8799932599067688,
    -0.3374004364013672,
    0.3738933801651001,
    -1.552221655845642,
    -0.1473913937807083,
    -0.053629521280527115,
    -0.7778623700141907,
    -0.7533193826675415,
    0.3657580614089966,
    -1.3387521505355835,
    -1.6962039470672607,
    -2.52006459236145,
    -2.565770149230957,
    -2.489271879196167,
    -2.5200588703155518,
    -1.3417664766311646,
    -2.2985217571258545,
    -1.2814135551452637,
    -2.3360674381256104,
    0.15824155509471893,
    0.1348440796136856,
    -1.466438889503479,
    -0.33983349800109863,
    0.3644565939903259,
    -0.6448854804039001,
    -0.8466519117355347
  ]
}