split_id,model,best_f1_mean,best_f1_std,precision_best_mean,precision_best_std,recall_best_mean,recall_best_std,adj_f1_best_mean,adj_f1_best_std,adj_precision_best_mean,adj_precision_best_std,adj_recall_best_mean,adj_recall_best_std,auroc_mean,auroc_std,pr_auc_mean,pr_auc_std,n_files
15,gated,0.09293310692200486,0.1301584887627771,0.07527647163105543,0.10837052484020412,0.15913978494572323,0.17855383690111465,0.3270632105443253,0.2979135333558095,0.23375378723523094,0.23177021334094655,0.6666666666645162,0.4879500364726926,0.8883042922026411,0.14382721079607394,0.05760966170670328,0.08849706915795763,15
15,gaussian,0.05378982322444105,0.1048538316568678,0.04438485778272521,0.09138840761487964,0.13548387096730488,0.20626431596126935,0.18781202251271287,0.2808849632474213,0.1344832276048997,0.2142928230724821,0.4666666666651613,0.5163977794926565,0.8792315588138261,0.14099274397419304,0.02989331728671401,0.03718610558890913,15
15,mse,0.026869613256986676,0.025325573207205906,0.030955868191154524,0.050832995955613115,0.05806451612884496,0.06120537406757765,0.313847103043509,0.3098268932424313,0.2295902736453446,0.2584405381113011,0.6666666666645162,0.4879500364726926,0.9019474172957955,0.08062377594748489,0.014695542611177122,0.008802933525155038,15
