model,quantile,threshold,fpr_val,fpr_test,n_val,n_test
gated,0.95,0.13933652639389038,0.05002744990392534,0.022284391279181942,14572,20732
gated,0.99,1.7705258131027222,0.010019214932747735,0.0009164576500096469,14572,20732
gated,0.999,4.47337007522583,0.0010293713972001099,0.00019293845263360988,14572,20732
gaussian,0.95,0.6546045541763306,0.05002744990392534,0.02580551803974532,14572,20732
gaussian,0.99,3.7814056873321533,0.010019214932747735,0.0035693613737217827,14572,20732
gaussian,0.999,22.439090728759766,0.0010293713972001099,0.0004823461315840247,14572,20732
mse,0.95,0.6934596300125122,0.05002744990392534,0.028458421763457458,14572,20732
mse,0.99,2.266678810119629,0.010019214932747735,0.0022187922052865137,14572,20732
mse,0.999,4.97251033782959,0.0010293713972001099,0.0005305807447424271,14572,20732
