{
  "quantiles": [
    0.95,
    0.99,
    0.999
  ],
  "n_val": 14572,
  "n_test": 20732,
  "models": {
    "gated": {
      "thresholds": [
        0.13933652639389038,
        1.7705258131027222,
        4.47337007522583
      ],
      "fpr_val": [
        0.05002744990392534,
        0.010019214932747735,
        0.0010293713972001099
      ],
      "fpr_test": [
        0.022284391279181942,
        0.0009164576500096469,
        0.00019293845263360988
      ]
    },
    "gaussian": {
      "thresholds": [
        0.6546045541763306,
        3.7814056873321533,
        22.439090728759766
      ],
      "fpr_val": [
        0.05002744990392534,
        0.010019214932747735,
        0.0010293713972001099
      ],
      "fpr_test": [
        0.02580551803974532,
        0.0035693613737217827,
        0.0004823461315840247
      ]
    },
    "mse": {
      "thresholds": [
        0.6934596300125122,
        2.266678810119629,
        4.97251033782959
      ],
      "fpr_val": [
        0.05002744990392534,
        0.010019214932747735,
        0.0010293713972001099
      ],
      "fpr_test": [
        0.028458421763457458,
        0.0022187922052865137,
        0.0005305807447424271
      ]
    }
  }
}