{
  "quantiles": [
    0.95,
    0.97,
    0.99,
    0.999
  ],
  "n_val": 14572,
  "n_test": 15148,
  "fixed_gate_alphas": [
    0.3,
    0.5,
    0.7
  ],
  "models": {
    "gated": {
      "0.3": {
        "thresholds": [
          0.49087288975715637,
          0.7833405137062073,
          2.656557083129883,
          4.437537670135498
        ],
        "fpr_val": [
          0.05002744990392534,
          0.030057644798243206,
          0.010019214932747735,
          0.0010293713972001099
        ],
        "fpr_test": [
          0.024425666754687086,
          0.009770266701874836,
          0.0009242144177449168,
          0.00019804594665962503
        ]
      },
      "0.5": {
        "thresholds": [
          0.6143338680267334,
          0.883402407169342,
          2.70090651512146,
          4.455494403839111
        ],
        "fpr_val": [
          0.05002744990392534,
          0.030057644798243206,
          0.010019214932747735,
          0.0010293713972001099
        ],
        "fpr_test": [
          0.022841299181410087,
          0.00878003696857671,
          0.0008581991021917085,
          0.00019804594665962503
        ]
      },
      "0.7": {
        "thresholds": [
          0.8239158391952515,
          1.0918452739715576,
          2.8642983436584473,
          4.60950231552124
        ],
        "fpr_val": [
          0.05002744990392534,
          0.030057644798243206,
          0.010019214932747735,
          0.0010293713972001099
        ],
        "fpr_test": [
          0.022709268550303672,
          0.009836282017428043,
          0.0006601531555320834,
          0.00019804594665962503
        ]
      }
    }
  }
}