{
  "feature_names": [
    "fuel_usage",
    "accelerator_position",
    "throttle_position",
    "inhale_pressure",
    "throttle_position_abs",
    "engine_speed",
    "engine_torque_revised",
    "friction_torque",
    "current_fire_timing",
    "cooling_temperature",
    "engine_idle_slippage",
    "engine_torque",
    "calculation_overhead",
    "engine_torque_min",
    "torque_converter_speed",
    "wheel_velo_frontleft",
    "wheel_velo_backright",
    "wheel_velo_frontright",
    "wheel_velo_backleft",
    "torque_converter_turbin_speed",
    "converter_clutch",
    "car_speed",
    "brake_switch",
    "steering_wheel_acceleration",
    "steering_wheel_angle"
  ],
  "mean_alpha": [
    0.10695866495370865,
    0.08302420377731323,
    0.39632052183151245,
    0.07250593602657318,
    0.1722300499677658,
    0.05898724123835564,
    0.08096355199813843,
    0.0607001967728138,
    0.08381097763776779,
    0.07520437240600586,
    0.05649866908788681,
    0.0951695516705513,
    0.08219961076974869,
    0.09068702906370163,
    0.05625678598880768,
    0.053643204271793365,
    0.05198555439710617,
    0.05153553560376167,
    0.05151626840233803,
    0.055334992706775665,
    0.9141368269920349,
    0.06310482323169708,
    0.3434598743915558,
    0.41348373889923096,
    0.5179981589317322
  ],
  "alpha_p10": [
    0.06553619354963303,
    0.026167146861553192,
    0.2752070724964142,
    0.0428108349442482,
    0.17204469442367554,
    0.04244602099061012,
    0.052505187690258026,
    0.05112643539905548,
    0.05354089289903641,
    0.0608745738863945,
    0.054474394768476486,
    0.049026574939489365,
    0.042276106774806976,
    0.04492338374257088,
    0.046205706894397736,
    0.03932772949337959,
    0.04117413982748985,
    0.04975554719567299,
    0.040278442203998566,
    0.048877447843551636,
    0.886684000492096,
    0.025427956134080887,
    0.25136247277259827,
    0.15017075836658478,
    0.4949413239955902
  ],
  "alpha_p50": [
    0.09387128055095673,
    0.06830551475286484,
    0.39114511013031006,
    0.06959940493106842,
    0.17226070165634155,
    0.05831017345190048,
    0.07673699408769608,
    0.06265220046043396,
    0.08761965483427048,
    0.07657526433467865,
    0.05615482106804848,
    0.0858575627207756,
    0.07423578202724457,
    0.08504056185483932,
    0.052906885743141174,
    0.04413842409849167,
    0.04489625617861748,
    0.052263371646404266,
    0.044386498630046844,
    0.056589409708976746,
    0.9229865074157715,
    0.07651650160551071,
    0.31781595945358276,
    0.3530276417732239,
    0.5059835910797119
  ],
  "alpha_p90": [
    0.16145485639572144,
    0.16093899309635162,
    0.5288333892822266,
    0.10686466842889786,
    0.1723819375038147,
    0.07679547369480133,
    0.11347109824419022,
    0.06894911825656891,
    0.1137765571475029,
    0.09054634720087051,
    0.058764416724443436,
    0.1502290815114975,
    0.12987229228019714,
    0.14795911312103271,
    0.0698322206735611,
    0.07686123251914978,
    0.06873630732297897,
    0.052784066647291183,
    0.06908100098371506,
    0.060680679976940155,
    0.9296983480453491,
    0.09506098926067352,
    0.4616418182849884,
    0.7886360287666321,
    0.5646774172782898
  ],
  "mean_forecast_nll": [
    -0.07107052952051163,
    0.9672734141349792,
    0.7196789383888245,
    -0.20662321150302887,
    0.45141592621803284,
    -0.5144129991531372,
    0.10329227149486542,
    -0.4531707167625427,
    0.453647643327713,
    -1.4257187843322754,
    -0.6867396831512451,
    0.0869363322854042,
    0.10347718745470047,
    0.35510939359664917,
    -0.8235346674919128,
    -2.07382869720459,
    -2.142632007598877,
    -2.1662542819976807,
    -2.0799930095672607,
    -0.8404318690299988,
    -1.4993067979812622,
    -1.7860300540924072,
    0.5431593656539917,
    0.9030113816261292,
    0.21503040194511414
  ],
  "mean_marginal_surprise": [
    0.5253753066062927,
    1.533260703086853,
    -0.7750557661056519,
    1.2380082607269287,
    0.09891452640295029,
    0.9311014413833618,
    0.9693019390106201,
    0.9761432409286499,
    1.1482316255569458,
    -0.45275193452835083,
    1.0382001399993896,
    0.9516003131866455,
    1.15843665599823,
    1.3502781391143799,
    0.45851758122444153,
    0.2327604591846466,
    0.2675783038139343,
    1.442781925201416,
    0.40767717361450195,
    1.4582074880599976,
    -3.3291890621185303,
    0.12662078440189362,
    0.6227137446403503,
    -0.20533053576946259,
    -0.04613688960671425
  ],
  "mean_combined_score": [
    -0.3855505883693695,
    -0.7182596921920776,
    -1.0947619676589966,
    -0.3974420428276062,
    -0.3664391040802002,
    -0.5387251973152161,
    -0.26745447516441345,
    -0.4496462047100067,
    0.44984719157218933,
    -1.4174739122390747,
    -0.6848533749580383,
    -0.2760956883430481,
    -0.11958047747612,
    0.07882377505302429,
    -0.9112318754196167,
    -2.04219913482666,
    -2.110170602798462,
    -2.1300511360168457,
    -2.0486295223236084,
    -0.9108283519744873,
    -3.310307264328003,
    -1.7632973194122314,
    0.2145151048898697,
    -0.5518943071365356,
    -0.20677423477172852
  ]
}