{
  "feature_names": [
    "Engine Coolant Temperature [\u00b0C]",
    "Intake Manifold Absolute Pressure [kPa]",
    "Engine RPM [RPM]",
    "Vehicle Speed Sensor [km/h]",
    "Intake Air Temperature [\u00b0C]",
    "Air Flow Rate from Mass Flow Sensor [g/s]",
    "Absolute Throttle Position [%]",
    "Ambient Air Temperature [\u00b0C]",
    "Accelerator Pedal Position D [%]",
    "Accelerator Pedal Position E [%]"
  ],
  "mean_alpha": [
    0.00396249582991004,
    0.0037552460562437773,
    0.00287475879304111,
    0.002924639265984297,
    0.003352879313752055,
    0.004164912737905979,
    0.01359869260340929,
    0.005424709524959326,
    0.03715028613805771,
    0.0069008213467895985
  ],
  "alpha_p10": [
    0.0034361681900918484,
    0.0025226392317563295,
    0.002040231367573142,
    0.0026414806488901377,
    0.003105804091319442,
    0.002183344680815935,
    0.005593249574303627,
    0.005385718774050474,
    0.0016633941559121013,
    0.00326939532533288
  ],
  "alpha_p50": [
    0.0036407785955816507,
    0.003161141648888588,
    0.002350634429603815,
    0.002855647122487426,
    0.00325389439240098,
    0.003016228089109063,
    0.006100222934037447,
    0.0054194931872189045,
    0.007622798904776573,
    0.0045933653600513935
  ],
  "alpha_p90": [
    0.004864485468715429,
    0.005622013472020626,
    0.003838642966002226,
    0.003318611765280366,
    0.00368976267054677,
    0.006766334176063538,
    0.010439056903123856,
    0.0054711345583200455,
    0.07191293686628342,
    0.01193802710622549
  ],
  "mean_forecast_nll": [
    -4.139581203460693,
    -2.8978564739227295,
    -3.3350775241851807,
    -3.3336222171783447,
    -3.63724422454834,
    -2.831153631210327,
    -6.244957447052002,
    -3.4617552757263184,
    -3.6447010040283203,
    -4.19255256652832
  ],
  "mean_marginal_surprise": [
    -0.050376128405332565,
    1.218498706817627,
    0.9776729345321655,
    1.1739128828048706,
    0.6420552134513855,
    1.0878862142562866,
    -3.4051690101623535,
    1.2342023849487305,
    -1.508156180381775,
    -1.2775814533233643
  ],
  "mean_combined_score": [
    -4.167940616607666,
    -2.9110138416290283,
    -3.3443102836608887,
    -3.332839250564575,
    -3.6451306343078613,
    -2.929089307785034,
    -6.303585052490234,
    -3.5477287769317627,
    -3.761887311935425,
    -4.242537021636963
  ]
}