{
  "quantiles": [
    0.99,
    0.999
  ],
  "n_val": 15464,
  "n_test": 16724,
  "models": {
    "gated": {
      "thresholds": [
        0.7977362871170044,
        1.9987170696258545
      ],
      "fpr_val": [
        0.010023279875840662,
        0.0010346611484738748
      ],
      "fpr_test": [
        0.02164553934465439,
        0.0018536235350394643
      ]
    },
    "gaussian": {
      "thresholds": [
        1.5098443031311035,
        14.444656372070312
      ],
      "fpr_val": [
        0.010023279875840662,
        0.0010346611484738748
      ],
      "fpr_test": [
        0.12132265008371203,
        0.06816551064338675
      ]
    },
    "mse": {
      "thresholds": [
        1.0168336629867554,
        2.419166326522827
      ],
      "fpr_val": [
        0.010023279875840662,
        0.0010346611484738748
      ],
      "fpr_test": [
        0.037730208084190385,
        0.004424778761061947
      ]
    }
  }
}