model,quantile,threshold,fpr_val,fpr_test,n_val,n_test
gated,0.99,0.7977362871170044,0.010023279875840662,0.02164553934465439,15464,16724
gated,0.999,1.9987170696258545,0.0010346611484738748,0.0018536235350394643,15464,16724
gaussian,0.99,1.5098443031311035,0.010023279875840662,0.12132265008371203,15464,16724
gaussian,0.999,14.444656372070312,0.0010346611484738748,0.06816551064338675,15464,16724
mse,0.99,1.0168336629867554,0.010023279875840662,0.037730208084190385,15464,16724
mse,0.999,2.419166326522827,0.0010346611484738748,0.004424778761061947,15464,16724
