{
  "quantiles": [
    0.99,
    0.999
  ],
  "n_val": 16724,
  "n_test": 15464,
  "models": {
    "gated": {
      "thresholds": [
        1.1279667615890503,
        2.245197057723999
      ],
      "fpr_val": [
        0.010045443673762257,
        0.0010165032288926095
      ],
      "fpr_test": [
        0.006337299534402483,
        0.0004526642524573202
      ]
    },
    "gaussian": {
      "thresholds": [
        19.323680877685547,
        22.691587448120117
      ],
      "fpr_val": [
        0.010045443673762257,
        0.0010165032288926095
      ],
      "fpr_test": [
        0.0007113295395757889,
        0.0005819968960165546
      ]
    },
    "mse": {
      "thresholds": [
        1.8386895656585693,
        4.031826019287109
      ],
      "fpr_val": [
        0.010045443673762257,
        0.0010165032288926095
      ],
      "fpr_test": [
        0.0030393171236420074,
        0.00032333160889808587
      ]
    }
  }
}