model,quantile,threshold,fpr_val,fpr_test,n_val,n_test
gated,0.99,1.1279667615890503,0.010045443673762257,0.006337299534402483,16724,15464
gated,0.999,2.245197057723999,0.0010165032288926095,0.0004526642524573202,16724,15464
gaussian,0.99,19.323680877685547,0.010045443673762257,0.0007113295395757889,16724,15464
gaussian,0.999,22.691587448120117,0.0010165032288926095,0.0005819968960165546,16724,15464
mse,0.99,1.8386895656585693,0.010045443673762257,0.0030393171236420074,16724,15464
mse,0.999,4.031826019287109,0.0010165032288926095,0.00032333160889808587,16724,15464
