split_id,model,best_f1_mean,best_f1_std,precision_best_mean,precision_best_std,recall_best_mean,recall_best_std,adj_f1_best_mean,adj_f1_best_std,adj_precision_best_mean,adj_precision_best_std,adj_recall_best_mean,adj_recall_best_std,auroc_mean,auroc_std,pr_auc_mean,pr_auc_std,n_files
9,gated,0.0750111368864797,0.11023723805748298,0.06518870264677341,0.10824831341560137,0.16508538899377487,0.18805453998170119,0.24382695595784365,0.29832735221645884,0.17602680939717102,0.2337177029650473,0.5882352941157496,0.507299656194256,0.8828366102772676,0.15281499701932896,0.04522254882501207,0.06679560146417605,17
9,gaussian,0.025266279122984816,0.04523697735773523,0.015172139689907434,0.028450186174842202,0.19354838709614985,0.31316915869169304,0.07831334280807388,0.1408145520593127,0.046845647340157004,0.08861300800699067,0.4117647058810247,0.5072996561942559,0.8422462524207749,0.1919309540146931,0.020693431014536207,0.01802591215448158,17
9,mse,0.033136698461221935,0.0281498009788248,0.020599472543454542,0.018695992063638818,0.21821631878487482,0.25617488918772824,0.19245153915143284,0.18851918178731553,0.1194166793442642,0.13277069163484723,0.8235294117620494,0.3929526239954203,0.8912568474196954,0.12539158249290064,0.01568324897722117,0.011596664453770006,17
