model,quantile,threshold,fpr_val,fpr_test,n_val,n_test
gated,0.95,-2.288393497467041,0.050000464636514856,0.05113950340274816,538055,539270
gated,0.99,-1.478714108467102,0.010000836345726738,0.0128006378993825,538055,539270
gated,0.999,-0.7255958318710327,0.0010017563260261498,0.001409312589241011,538055,539270
gaussian,0.95,-2.173729419708252,0.050000464636514856,0.05203330428171417,538055,539270
gaussian,0.99,-1.1412919759750366,0.010000836345726738,0.01119105457377566,538055,539270
gaussian,0.999,12.156612396240234,0.0010017563260261498,0.0007602870547221243,538055,539270
mse,0.95,0.005430095829069614,0.050000464636514856,0.04903851502957702,538055,539270
mse,0.99,0.04734553396701813,0.010000836345726738,0.010656999276800118,538055,539270
mse,0.999,0.4996761977672577,0.0010017563260261498,0.0009698295844382221,538055,539270
