{
  "quantiles": [
    0.95,
    0.99,
    0.999
  ],
  "n_val": 538055,
  "n_test": 539270,
  "models": {
    "gated": {
      "thresholds": [
        -2.288393497467041,
        -1.478714108467102,
        -0.7255958318710327
      ],
      "fpr_val": [
        0.050000464636514856,
        0.010000836345726738,
        0.0010017563260261498
      ],
      "fpr_test": [
        0.05113950340274816,
        0.0128006378993825,
        0.001409312589241011
      ]
    },
    "gaussian": {
      "thresholds": [
        -2.173729419708252,
        -1.1412919759750366,
        12.156612396240234
      ],
      "fpr_val": [
        0.050000464636514856,
        0.010000836345726738,
        0.0010017563260261498
      ],
      "fpr_test": [
        0.05203330428171417,
        0.01119105457377566,
        0.0007602870547221243
      ]
    },
    "mse": {
      "thresholds": [
        0.005430095829069614,
        0.04734553396701813,
        0.4996761977672577
      ],
      "fpr_val": [
        0.050000464636514856,
        0.010000836345726738,
        0.0010017563260261498
      ],
      "fpr_test": [
        0.04903851502957702,
        0.010656999276800118,
        0.0009698295844382221
      ]
    }
  }
}