{
  "feature_names": [
    "fuel_usage",
    "accelerator_position",
    "throttle_position",
    "inhale_pressure",
    "throttle_position_abs",
    "engine_speed",
    "engine_torque_revised",
    "friction_torque",
    "current_fire_timing",
    "cooling_temperature",
    "engine_idle_slippage",
    "engine_torque",
    "calculation_overhead",
    "engine_torque_min",
    "torque_converter_speed",
    "wheel_velo_frontleft",
    "wheel_velo_backright",
    "wheel_velo_frontright",
    "wheel_velo_backleft",
    "torque_converter_turbin_speed",
    "converter_clutch",
    "car_speed",
    "brake_switch",
    "steering_wheel_acceleration",
    "steering_wheel_angle"
  ],
  "mean_alpha": [
    0.11125387251377106,
    0.06478483974933624,
    0.704013466835022,
    0.07456944137811661,
    0.14570313692092896,
    0.057725753635168076,
    0.10106465220451355,
    0.047925472259521484,
    0.07833332568407059,
    0.05165264010429382,
    0.04773794114589691,
    0.10451249033212662,
    0.09330888837575912,
    0.09695447236299515,
    0.05291098728775978,
    0.04258367419242859,
    0.04270927608013153,
    0.042676277458667755,
    0.042847804725170135,
    0.044929780066013336,
    0.4596509635448456,
    0.06216259300708771,
    0.14978086948394775,
    0.4568266272544861,
    0.11774121969938278
  ],
  "alpha_p10": [
    0.04989568889141083,
    0.031950902193784714,
    0.37662360072135925,
    0.0367874875664711,
    0.07077743858098984,
    0.037459004670381546,
    0.03645368292927742,
    0.04220299795269966,
    0.048997893929481506,
    0.05117977783083916,
    0.04627073556184769,
    0.04027046263217926,
    0.03264475613832474,
    0.03569499030709267,
    0.046869706362485886,
    0.03465691953897476,
    0.04127887263894081,
    0.035228509455919266,
    0.04049614816904068,
    0.04025426134467125,
    0.08900605887174606,
    0.007661102805286646,
    0.08580340445041656,
    0.39290520548820496,
    0.09301634877920151
  ],
  "alpha_p50": [
    0.08190155774354935,
    0.043470196425914764,
    0.8416783213615417,
    0.06411655247211456,
    0.10646848380565643,
    0.056704409420490265,
    0.07748834788799286,
    0.049504056572914124,
    0.0810718834400177,
    0.051761895418167114,
    0.047706566751003265,
    0.08026382327079773,
    0.07042322307825089,
    0.07683692872524261,
    0.0503026582300663,
    0.037599433213472366,
    0.041868697851896286,
    0.03793034702539444,
    0.041510239243507385,
    0.04306033253669739,
    0.20551516115665436,
    0.07466927170753479,
    0.12906552851200104,
    0.4413132667541504,
    0.10392454266548157
  ],
  "alpha_p90": [
    0.19185733795166016,
    0.11049967259168625,
    0.9331563711166382,
    0.11599308252334595,
    0.2527453303337097,
    0.07722868025302887,
    0.17669695615768433,
    0.0522727370262146,
    0.1045331135392189,
    0.05218670144677162,
    0.04905448853969574,
    0.1803506761789322,
    0.16423028707504272,
    0.175812229514122,
    0.06268339604139328,
    0.05565406382083893,
    0.04485533758997917,
    0.05484196916222572,
    0.04652024433016777,
    0.05234867334365845,
    0.9600682854652405,
    0.11354058980941772,
    0.23295749723911285,
    0.5580894947052002,
    0.17094303667545319
  ],
  "mean_forecast_nll": [
    -0.06837089359760284,
    -0.25501808524131775,
    -0.3029637932777405,
    103.14775085449219,
    -0.20228977501392365,
    -0.5112317800521851,
    1.5032192468643188,
    0.3919049799442291,
    1.1190906763076782,
    -1.7157593965530396,
    -0.8384245038032532,
    1.6765650510787964,
    6.0274505615234375,
    4.1483588218688965,
    -0.9135853052139282,
    -1.7953912019729614,
    -2.0398025512695312,
    -2.0999670028686523,
    -1.967108130455017,
    -0.9023761749267578,
    -1.464258074760437,
    -1.7054626941680908,
    0.541300356388092,
    -0.13804852962493896,
    -0.21658238768577576
  ],
  "mean_marginal_surprise": [
    0.5352309942245483,
    1.1287970542907715,
    -0.7464695572853088,
    1.3881502151489258,
    0.04644439369440079,
    1.0426335334777832,
    1.1081202030181885,
    0.8255707621574402,
    1.1648213863372803,
    -0.2920595407485962,
    1.0239486694335938,
    1.0834157466888428,
    1.2007386684417725,
    1.3710169792175293,
    0.4630274474620819,
    1.3502228260040283,
    1.5272555351257324,
    0.9846965074539185,
    1.5273377895355225,
    1.431174635887146,
    -2.5059683322906494,
    0.5808946490287781,
    1.1876217126846313,
    -0.4037186801433563,
    -0.2697449028491974
  ],
  "mean_combined_score": [
    -0.19959613680839539,
    -0.7464733123779297,
    -1.0638184547424316,
    0.9426349401473999,
    -0.4712963104248047,
    -0.5286943316459656,
    0.3156009912490845,
    -0.2166600227355957,
    0.7644885778427124,
    -1.7000329494476318,
    -0.8579453825950623,
    0.30713459849357605,
    0.5129954814910889,
    0.6362565159797668,
    -1.0483677387237549,
    -1.9782383441925049,
    -2.2370047569274902,
    -2.1770503520965576,
    -2.1193857192993164,
    -0.9975937604904175,
    -3.059379816055298,
    -1.7851943969726562,
    0.40703558921813965,
    -0.6519142389297485,
    -0.5423937439918518
  ]
}