{
  "feature_names": [
    "Engine Coolant Temperature [\u00b0C]",
    "Intake Manifold Absolute Pressure [kPa]",
    "Engine RPM [RPM]",
    "Vehicle Speed Sensor [km/h]",
    "Intake Air Temperature [\u00b0C]",
    "Air Flow Rate from Mass Flow Sensor [g/s]",
    "Absolute Throttle Position [%]",
    "Ambient Air Temperature [\u00b0C]",
    "Accelerator Pedal Position D [%]",
    "Accelerator Pedal Position E [%]"
  ],
  "mean_alpha": [
    0.003962768707424402,
    0.003893021959811449,
    0.004187372513115406,
    0.0031227993313223124,
    0.0032433359883725643,
    0.004930796101689339,
    0.020794015377759933,
    0.00584409711882472,
    0.06362142413854599,
    0.005226868204772472
  ],
  "alpha_p10": [
    0.0036558520514518023,
    0.002233154373243451,
    0.0021587968803942204,
    0.002875308971852064,
    0.0029197840485721827,
    0.0023483969271183014,
    0.010768481530249119,
    0.005654241424053907,
    0.0013764164177700877,
    0.004982484504580498
  ],
  "alpha_p50": [
    0.003940538503229618,
    0.0031161888036876917,
    0.0028458600863814354,
    0.0030515543185174465,
    0.0031239879317581654,
    0.0033077974803745747,
    0.012030713260173798,
    0.00582098076120019,
    0.026598626747727394,
    0.005315012764185667
  ],
  "alpha_p90": [
    0.004309388343244791,
    0.006473747547715902,
    0.006161471828818321,
    0.003474287688732147,
    0.003630922408774495,
    0.00893522147089243,
    0.02098439261317253,
    0.00604315334931016,
    0.16456331312656403,
    0.005428521893918514
  ],
  "mean_forecast_nll": [
    -3.9953806400299072,
    -2.7755041122436523,
    -3.124154567718506,
    -3.259533405303955,
    -3.5042126178741455,
    -2.759848117828369,
    -5.210781097412109,
    -3.3162403106689453,
    -3.1028172969818115,
    -3.4531402587890625
  ],
  "mean_marginal_surprise": [
    0.3364003300666809,
    1.331712245941162,
    1.2283518314361572,
    1.3640555143356323,
    2.0641283988952637,
    1.2952172756195068,
    -3.3434057235717773,
    2.600595474243164,
    -0.08879369497299194,
    -0.08922002464532852
  ],
  "mean_combined_score": [
    -4.033052444458008,
    -2.786977529525757,
    -3.134474515914917,
    -3.2577974796295166,
    -3.50284481048584,
    -2.779400110244751,
    -5.268960952758789,
    -3.3358349800109863,
    -3.1274335384368896,
    -3.455958843231201
  ]
}