{
  "feature_names": [
    "Fuel_consumption",
    "Accelerator_Pedal_value",
    "Intake_air_pressure",
    "Absolute_throttle_position",
    "Engine_speed",
    "Torque_of_friction",
    "Flywheel_torque_(after_torque_interventions)",
    "Engine_Idel_Target_Speed",
    "Engine_torque",
    "Calculated_LOAD_value",
    "Minimum_indicated_engine_torque",
    "Maximum_indicated_engine_torque",
    "Flywheel_torque",
    "Torque_converter_speed",
    "Current_Gear",
    "Wheel_velocity_front_left-hand",
    "Wheel_velocity_rear_right-hand",
    "Wheel_velocity_front_right-hand",
    "Wheel_velocity_rear_left-hand",
    "Torque_converter_turbine_speed_-_Unfiltered",
    "Clutch_operation_acknowledge",
    "Converter_clutch",
    "Vehicle_speed",
    "Acceleration_speed_-_Longitudinal",
    "Indication_of_brake_switch_ON/OFF",
    "Master_cylinder_pressure",
    "Calculated_road_gradient",
    "Acceleration_speed_-_Lateral",
    "Steering_wheel_speed",
    "Steering_wheel_angle"
  ],
  "mean_alpha": [
    0.013816983439028263,
    0.19899795949459076,
    0.00974677037447691,
    0.016882047057151794,
    0.0074266670271754265,
    0.0069859204813838005,
    0.03195609152317047,
    0.006853990722447634,
    0.0074135721661150455,
    0.01172240823507309,
    0.11151020973920822,
    0.005791538394987583,
    0.03133418411016464,
    0.008106119930744171,
    0.00851741898804903,
    0.004852872341871262,
    0.004757074639201164,
    0.004749821498990059,
    0.004861959256231785,
    0.008088217116892338,
    0.5815610289573669,
    0.36381131410598755,
    0.004812493454664946,
    0.010825292207300663,
    0.9950449466705322,
    0.6825315356254578,
    0.1740925908088684,
    0.012204792350530624,
    0.8653830885887146,
    0.07428351044654846
  ],
  "alpha_p10": [
    0.011238072998821735,
    0.058331623673439026,
    0.0035284163895994425,
    0.01142935175448656,
    0.0054032644256949425,
    0.006323964335024357,
    0.004952186718583107,
    0.004687907174229622,
    0.0029540876857936382,
    0.0031513485591858625,
    0.0031699954997748137,
    0.005439464934170246,
    0.004603588487952948,
    0.006325207185000181,
    0.007331241387873888,
    0.004280958324670792,
    0.004055727738887072,
    0.004066674504429102,
    0.004254637751728296,
    0.00617445120587945,
    0.00037179357605054975,
    0.0020115035586059093,
    0.003929180093109608,
    0.009497454389929771,
    0.9946793913841248,
    0.06072056293487549,
    0.0005468535819090903,
    0.003230208996683359,
    0.6115431785583496,
    0.043774861842393875
  ],
  "alpha_p50": [
    0.014118121936917305,
    0.1173020452260971,
    0.010056968778371811,
    0.016460562124848366,
    0.0074564022943377495,
    0.006985706277191639,
    0.03274552896618843,
    0.006798233836889267,
    0.00784451887011528,
    0.01120705809444189,
    0.09073600172996521,
    0.005778610706329346,
    0.03209744021296501,
    0.008011365309357643,
    0.008444659411907196,
    0.004927008878439665,
    0.004861587658524513,
    0.004855025559663773,
    0.0049384115263819695,
    0.007960270158946514,
    0.9658005237579346,
    0.32087087631225586,
    0.004936950746923685,
    0.0109341349452734,
    0.9950723052024841,
    0.9375027418136597,
    0.008637693710625172,
    0.01075933687388897,
    0.9516785144805908,
    0.06328392028808594
  ],
  "alpha_p90": [
    0.0160932969301939,
    0.4310329258441925,
    0.016073407605290413,
    0.02288208343088627,
    0.009327361360192299,
    0.0076407198794186115,
    0.057950086891651154,
    0.00934887770563364,
    0.011228947900235653,
    0.02090032584965229,
    0.3053603768348694,
    0.0062040057964622974,
    0.05753783509135246,
    0.009994812309741974,
    0.009771605022251606,
    0.005108849611133337,
    0.005051142070442438,
    0.0050246561877429485,
    0.005132646299898624,
    0.01019045989960432,
    0.9996799230575562,
    0.7897812128067017,
    0.005179143510758877,
    0.011909827589988708,
    0.9953617453575134,
    0.998471200466156,
    0.8566330075263977,
    0.02031598426401615,
    0.986805260181427,
    0.12036505341529846
  ],
  "mean_forecast_nll": [
    -0.6499692797660828,
    -1.541884183883667,
    -0.35133522748947144,
    -1.0838801860809326,
    -0.937534511089325,
    -0.23174220323562622,
    0.31535258889198303,
    -0.785188615322113,
    -0.09194354712963104,
    -0.11301814764738083,
    -0.6112856268882751,
    -0.37586525082588196,
    0.30255699157714844,
    -1.2417552471160889,
    -1.3172067403793335,
    -2.5440115928649902,
    -2.441925287246704,
    -2.506208896636963,
    -2.565397262573242,
    -1.2353929281234741,
    -0.9763354659080505,
    -1.2391051054000854,
    -2.4048612117767334,
    0.3828861713409424,
    0.6626835465431213,
    -0.6881394982337952,
    0.3681287467479706,
    0.1511349231004715,
    -0.4827282726764679,
    -0.522122323513031
  ],
  "mean_marginal_surprise": [
    0.5165755748748779,
    -1.379065752029419,
    1.323315143585205,
    -0.2558601498603821,
    1.2637454271316528,
    1.1492669582366943,
    1.2027277946472168,
    1.287996530532837,
    1.1904648542404175,
    1.224825382232666,
    0.2105548232793808,
    1.0732004642486572,
    1.192397117614746,
    1.180343508720398,
    1.1725282669067383,
    1.117431640625,
    1.299619436264038,
    1.018864393234253,
    1.0841460227966309,
    1.2718322277069092,
    -1.8071300983428955,
    -0.7302649021148682,
    1.1019941568374634,
    1.2287495136260986,
    -2.7593398094177246,
    -0.7474040389060974,
    0.9014627933502197,
    0.9876834750175476,
    -1.943437933921814,
    -0.11909835040569305
  ],
  "mean_combined_score": [
    -0.7119830846786499,
    -1.8033207654953003,
    -0.3578011989593506,
    -1.1656486988067627,
    -0.968629777431488,
    -0.32075899839401245,
    0.2906031012535095,
    -1.3644176721572876,
    -0.09552682936191559,
    -0.13042989373207092,
    -0.9053919315338135,
    -0.6602210998535156,
    0.27747026085853577,
    -1.2534645795822144,
    -1.358126163482666,
    -2.5433733463287354,
    -2.439265727996826,
    -2.503767490386963,
    -2.5656516551971436,
    -1.2471672296524048,
    -2.2681448459625244,
    -1.8218504190444946,
    -2.492285966873169,
    0.37768837809562683,
    -2.7546486854553223,
    -1.1522356271743774,
    -0.12358799576759338,
    0.15285110473632812,
    -2.1720056533813477,
    -0.5429087281227112
  ]
}