{
  "quantiles": [
    0.95,
    0.99,
    0.999
  ],
  "n_val": 14572,
  "n_test": 15148,
  "models": {
    "gated": {
      "thresholds": [
        0.3647112250328064,
        2.8990044593811035,
        4.788162708282471
      ],
      "fpr_val": [
        0.05002744990392534,
        0.010019214932747735,
        0.0010293713972001099
      ],
      "fpr_test": [
        0.027330340639028256,
        0.0011882756799577502,
        0.00019804594665962503
      ]
    },
    "gaussian": {
      "thresholds": [
        0.7830014228820801,
        6.060213565826416,
        48.707489013671875
      ],
      "fpr_val": [
        0.05002744990392534,
        0.010019214932747735,
        0.0010293713972001099
      ],
      "fpr_test": [
        0.037166622656456295,
        0.005149194613150251,
        0.0004621072088724584
      ]
    },
    "mse": {
      "thresholds": [
        0.7904987335205078,
        2.2604899406433105,
        4.870107173919678
      ],
      "fpr_val": [
        0.05002744990392534,
        0.010019214932747735,
        0.0010293713972001099
      ],
      "fpr_test": [
        0.04000528122524426,
        0.004687087404277792,
        0.0007921837866385001
      ]
    }
  }
}