model,quantile,threshold,fpr_val,fpr_test,n_val,n_test
gated,0.95,0.3647112250328064,0.05002744990392534,0.027330340639028256,14572,15148
gated,0.99,2.8990044593811035,0.010019214932747735,0.0011882756799577502,14572,15148
gated,0.999,4.788162708282471,0.0010293713972001099,0.00019804594665962503,14572,15148
gaussian,0.95,0.7830014228820801,0.05002744990392534,0.037166622656456295,14572,15148
gaussian,0.99,6.060213565826416,0.010019214932747735,0.005149194613150251,14572,15148
gaussian,0.999,48.707489013671875,0.0010293713972001099,0.0004621072088724584,14572,15148
mse,0.95,0.7904987335205078,0.05002744990392534,0.04000528122524426,14572,15148
mse,0.99,2.2604899406433105,0.010019214932747735,0.004687087404277792,14572,15148
mse,0.999,4.870107173919678,0.0010293713972001099,0.0007921837866385001,14572,15148
