{
  "quantiles": [
    0.95,
    0.99,
    0.999
  ],
  "n_val": 539117,
  "n_test": 537990,
  "models": {
    "gated": {
      "thresholds": [
        -2.3531012535095215,
        -1.5347765684127808,
        -0.7579718828201294
      ],
      "fpr_val": [
        0.05000027823273983,
        0.010001539554493738,
        0.0010016378633951443
      ],
      "fpr_test": [
        0.05211063402665477,
        0.011052250041822339,
        0.0014684287812041115
      ]
    },
    "gaussian": {
      "thresholds": [
        -2.269584894180298,
        -1.2838774919509888,
        3.0562148094177246
      ],
      "fpr_val": [
        0.05000027823273983,
        0.010001539554493738,
        0.0010016378633951443
      ],
      "fpr_test": [
        0.052162679603710106,
        0.01181806353277942,
        0.0014386884514582055
      ]
    },
    "mse": {
      "thresholds": [
        0.005303144454956055,
        0.049084872007369995,
        0.47612321376800537
      ],
      "fpr_val": [
        0.05000027823273983,
        0.010001539554493738,
        0.0010016378633951443
      ],
      "fpr_test": [
        0.053173850815070915,
        0.010533653041878102,
        0.0010725106414617373
      ]
    }
  }
}