model,quantile,threshold,fpr_val,fpr_test,n_val,n_test
gated,0.95,-2.3531012535095215,0.05000027823273983,0.05211063402665477,539117,537990
gated,0.99,-1.5347765684127808,0.010001539554493738,0.011052250041822339,539117,537990
gated,0.999,-0.7579718828201294,0.0010016378633951443,0.0014684287812041115,539117,537990
gaussian,0.95,-2.269584894180298,0.05000027823273983,0.052162679603710106,539117,537990
gaussian,0.99,-1.2838774919509888,0.010001539554493738,0.01181806353277942,539117,537990
gaussian,0.999,3.0562148094177246,0.0010016378633951443,0.0014386884514582055,539117,537990
mse,0.95,0.005303144454956055,0.05000027823273983,0.053173850815070915,539117,537990
mse,0.99,0.049084872007369995,0.010001539554493738,0.010533653041878102,539117,537990
mse,0.999,0.47612321376800537,0.0010016378633951443,0.0010725106414617373,539117,537990
