{
  "quantiles": [
    0.95,
    0.99,
    0.999
  ],
  "n_val": 17180,
  "n_test": 15148,
  "models": {
    "gated": {
      "thresholds": [
        0.14589089155197144,
        0.624290406703949,
        1.4719070196151733
      ],
      "fpr_val": [
        0.05,
        0.010011641443538999,
        0.0010477299185098952
      ],
      "fpr_test": [
        0.03346976498547663,
        0.0064034856086612095,
        0.0005941378399788751
      ]
    },
    "gaussian": {
      "thresholds": [
        0.683725893497467,
        3.1303086280822754,
        17.466917037963867
      ],
      "fpr_val": [
        0.05,
        0.010011641443538999,
        0.0010477299185098952
      ],
      "fpr_test": [
        0.05076577766041722,
        0.012014787430683918,
        0.0027066279376815423
      ]
    },
    "mse": {
      "thresholds": [
        0.5565028190612793,
        1.3526759147644043,
        3.4086720943450928
      ],
      "fpr_val": [
        0.05,
        0.010011641443538999,
        0.0010477299185098952
      ],
      "fpr_test": [
        0.06733562186427251,
        0.011618695537364668,
        0.0019804594665962503
      ]
    }
  }
}