model,quantile,threshold,fpr_val,fpr_test,n_val,n_test
gated,0.95,0.14589089155197144,0.05,0.03346976498547663,17180,15148
gated,0.99,0.624290406703949,0.010011641443538999,0.0064034856086612095,17180,15148
gated,0.999,1.4719070196151733,0.0010477299185098952,0.0005941378399788751,17180,15148
gaussian,0.95,0.683725893497467,0.05,0.05076577766041722,17180,15148
gaussian,0.99,3.1303086280822754,0.010011641443538999,0.012014787430683918,17180,15148
gaussian,0.999,17.466917037963867,0.0010477299185098952,0.0027066279376815423,17180,15148
mse,0.95,0.5565028190612793,0.05,0.06733562186427251,17180,15148
mse,0.99,1.3526759147644043,0.010011641443538999,0.011618695537364668,17180,15148
mse,0.999,3.4086720943450928,0.0010477299185098952,0.0019804594665962503,17180,15148
