split_id,model,best_f1_mean,best_f1_std,precision_best_mean,precision_best_std,recall_best_mean,recall_best_std,adj_f1_best_mean,adj_f1_best_std,adj_precision_best_mean,adj_precision_best_std,adj_recall_best_mean,adj_recall_best_std,auroc_mean,auroc_std,pr_auc_mean,pr_auc_std,n_files
13,gated,0.07238263232994817,0.08316119779196562,0.058702682772396424,0.0805586289973206,0.17050691244184632,0.2303438387873811,0.2549092488888605,0.27759321478797816,0.17599556972828675,0.2045680652553685,0.5714285714267281,0.5135525910114389,0.8879099905157506,0.144440990128832,0.03993703651682216,0.04328146248653859,14
13,gaussian,0.023123337759364034,0.03008773454505513,0.012929207799911665,0.017170906894980145,0.1797235023035677,0.26350174247636265,0.06951907865009843,0.10435669136224159,0.03904804437960111,0.06059617524445613,0.4285714285700461,0.5135525910114389,0.8828603369456642,0.14091383433716895,0.016330024494945486,0.009111724917600893,14
13,mse,0.0293777460989806,0.023453717924984723,0.01838202623338161,0.01632940813833386,0.25345622119733907,0.2638486836963782,0.2174519260521907,0.18930871723971296,0.13450417332114487,0.12721009827051977,0.9999999999967742,0.0,0.8703871601835268,0.1287086660930089,0.012245083472798518,0.01062996674550391,14
