{
  "quantiles": [
    0.95,
    0.99,
    0.999
  ],
  "n_val": 537779,
  "n_test": 538867,
  "models": {
    "gated": {
      "thresholds": [
        -1.7628728151321411,
        -1.0772157907485962,
        -0.24543392658233643
      ],
      "fpr_val": [
        0.0500000929749953,
        0.01000039049498028,
        0.0010004109494792471
      ],
      "fpr_test": [
        0.055785564898203084,
        0.010657546296210383,
        0.0007255964829911648
      ]
    },
    "gaussian": {
      "thresholds": [
        -1.7226537466049194,
        -0.9203668832778931,
        8.829863548278809
      ],
      "fpr_val": [
        0.0500000929749953,
        0.01000039049498028,
        0.0010004109494792471
      ],
      "fpr_test": [
        0.05691756964148853,
        0.010824563389482006,
        0.0006290977179897822
      ]
    },
    "mse": {
      "thresholds": [
        0.006384352222084999,
        0.044495318084955215,
        0.4964456856250763
      ],
      "fpr_val": [
        0.0500000929749953,
        0.01000039049498028,
        0.0010004109494792471
      ],
      "fpr_test": [
        0.059471075423063575,
        0.012947536219512421,
        0.001284175872710706
      ]
    }
  }
}