split_id,model,best_f1_mean,best_f1_std,precision_best_mean,precision_best_std,recall_best_mean,recall_best_std,adj_f1_best_mean,adj_f1_best_std,adj_precision_best_mean,adj_precision_best_std,adj_recall_best_mean,adj_recall_best_std,auroc_mean,auroc_std,pr_auc_mean,pr_auc_std,n_files
0,gated,0.06854221876556145,0.11050640475285124,0.049399089670984254,0.08590181775932614,0.2020373514424722,0.26597249773699944,0.16104950744163288,0.23033119311205336,0.10681120947359761,0.16280494959204514,0.4736842105247878,0.5129891760409222,0.9056987293374341,0.11051914383737504,0.04621860842206518,0.0589390125253111,19
0,gaussian,0.025409797229066694,0.04241734030980788,0.0137680237814473,0.023241926554820103,0.23938879456629059,0.3438029395793371,0.0413401211343606,0.06921560091823153,0.022377504022959717,0.03798259649924268,0.36842105263039054,0.49559462778175334,0.8829072162397404,0.12025950259276968,0.021806483889202276,0.016163976311858206,19
0,mse,0.039591958675983134,0.041864367997560686,0.027143632357984858,0.0332555830816277,0.247877758912613,0.27160971732413947,0.2648579243067412,0.21994506468506841,0.17126139571032964,0.15553152651021432,0.9473684210495756,0.22941573386982173,0.8785950865434464,0.1044835240443173,0.02018329000531457,0.023776958517546364,19
